Output of simple 2-box model under RCP45 radiative forcing,
Low  response ECS=1.5; TCR=1.0K; Aerosol scaled by:     0.500000,
Low AR4 vals  ECS=2.0; TCR=1.0K; Aerosol scaled by:     0.500000,
High response ECS=4.5; TCR=2.5K; Aerosol scaled by:      1.50000,
High AR4 vals ECS=4.5; TCR=3.0K; Aerosol scaled by:      1.50000,
Year,Observations,Total forcing,Aerosol forcing,Cumulative CO2,Low response,Low - AR4,High response,High - AR4
1765.00,999.000,0.00000,0.00000,0.00300000,0.00000,0.00000,0.00000,0.00000
1766.00,999.000,0.126027,0.000955297,0.0113383,0.00208763,0.00201495,0.00514894,0.00631055
1767.00,999.000,0.273031,0.00142472,0.0250149,0.00847089,0.00817851,0.0208701,0.0255738
1768.00,999.000,0.278871,0.000197399,0.0440298,0.0166912,0.0161229,0.0410586,0.0502977
1769.00,999.000,0.242045,-0.00127844,0.0683830,0.0235041,0.0227188,0.0577010,0.0706574
1770.00,999.000,0.242824,-0.00273384,0.0980744,0.0289847,0.0280371,0.0709827,0.0868831
1771.00,999.000,0.284142,-0.00454133,0.134104,0.0345843,0.0334767,0.0844521,0.103327
1772.00,999.000,0.299857,-0.00632004,0.175472,0.0405411,0.0392679,0.0986920,0.120703
1773.00,999.000,0.290756,-0.00768095,0.222179,0.0459738,0.0445602,0.111576,0.136405
1774.00,999.000,0.278100,-0.00899457,0.274223,0.0504656,0.0489509,0.122112,0.149217
1775.00,999.000,0.268839,-0.0102608,0.331606,0.0541185,0.0525371,0.130557,0.159458
1776.00,999.000,0.276856,-0.0114799,0.394328,0.0573692,0.0557394,0.137988,0.168448
1777.00,999.000,0.305761,-0.0126524,0.462387,0.0608966,0.0592126,0.146073,0.178233
1778.00,999.000,0.337875,-0.0137792,0.535785,0.0650703,0.0633135,0.155723,0.189931
1779.00,999.000,0.347581,-0.0148612,0.614521,0.0694985,0.0676649,0.165988,0.202374
1780.00,999.000,0.341674,-0.0159002,0.698596,0.0735203,0.0716292,0.175255,0.213584
1781.00,999.000,0.333722,-0.0173357,0.789008,0.0768907,0.0749694,0.182911,0.222812
1782.00,999.000,0.291020,-0.0187348,0.884759,0.0790737,0.0771674,0.187630,0.228434
1783.00,999.000,0.175605,-0.0196591,0.985849,0.0784108,0.0766208,0.185375,0.225505
1784.00,999.000,0.0902692,-0.0205406,1.09228,0.0745058,0.0729440,0.175193,0.212863
1785.00,999.000,0.162453,-0.0213771,1.20404,0.0708385,0.0694915,0.165598,0.200951
1786.00,999.000,0.289562,-0.0221664,1.32115,0.0709137,0.0696465,0.165172,0.200286
1787.00,999.000,0.352999,-0.0229061,1.44359,0.0741680,0.0728697,0.172544,0.209180
1788.00,999.000,0.361769,-0.0235941,1.57137,0.0782787,0.0769233,0.182038,0.220668
1789.00,999.000,0.251054,-0.0242280,1.70449,0.0802541,0.0789205,0.186334,0.225776
1790.00,999.000,0.0888822,-0.0248062,1.84295,0.0774891,0.0763444,0.179053,0.216693
1791.00,999.000,0.108020,-0.0257757,1.98774,0.0726736,0.0717856,0.166754,0.201467
1792.00,999.000,0.232799,-0.0266920,2.13788,0.0708100,0.0700698,0.161664,0.195089
1793.00,999.000,0.294575,-0.0271103,2.29335,0.0722736,0.0715628,0.164730,0.198711
1794.00,999.000,0.291738,-0.0274789,2.45416,0.0745669,0.0738582,0.169866,0.204868
1795.00,999.000,0.256846,-0.0277995,2.62031,0.0759895,0.0753156,0.172910,0.208457
1796.00,999.000,0.245053,-0.0280741,2.79179,0.0764889,0.0758835,0.173732,0.209320
1797.00,999.000,0.262057,-0.0287504,2.96962,0.0770338,0.0764956,0.174683,0.210342
1798.00,999.000,0.277467,-0.0293838,3.15278,0.0780746,0.0775867,0.176849,0.212852
1799.00,999.000,0.285635,-0.0295300,3.34129,0.0794047,0.0789580,0.179746,0.216258
1800.00,999.000,0.303460,-0.0300800,3.53613,0.0810314,0.0806169,0.183395,0.220582
1801.00,999.000,0.325814,-0.0305855,3.73631,0.0831607,0.0827626,0.188282,0.226421
1802.00,999.000,0.322938,-0.0314857,3.94382,0.0853954,0.0850123,0.193421,0.232565
1803.00,999.000,0.308295,-0.0318974,4.15568,0.0871080,0.0867605,0.197281,0.237138
1804.00,999.000,0.306252,-0.0313806,4.37287,0.0883589,0.0880648,0.200067,0.240391
1805.00,999.000,0.305549,-0.0312685,4.59540,0.0894271,0.0891940,0.202477,0.243182
1806.00,999.000,0.296562,-0.0315614,4.82427,0.0902243,0.0900627,0.204254,0.245194
1807.00,999.000,0.287336,-0.0318218,5.05848,0.0906421,0.0905658,0.205112,0.246081
1808.00,999.000,-0.206609,-0.0316127,5.29803,0.0826548,0.0829565,0.185426,0.221788
1809.00,999.000,-1.35012,-0.0313782,5.54291,0.0483334,0.0499200,0.101312,0.118550
1810.00,999.000,-1.75196,-0.0311204,5.79314,-0.00785893,-0.00426794,-0.0363582,-0.0502485
1811.00,999.000,-0.956129,-0.0312737,6.04970,-0.0512388,-0.0461580,-0.142746,-0.180582
1812.00,999.000,-0.279183,-0.0313998,6.31160,-0.0652972,-0.0598001,-0.177437,-0.222946
1813.00,999.000,-0.0779071,-0.0310632,6.57884,-0.0631942,-0.0578603,-0.172569,-0.216796
1814.00,999.000,-0.598962,-0.0307014,6.85141,-0.0666554,-0.0612882,-0.181277,-0.227289
1815.00,999.000,-2.06194,-0.0307462,7.13033,-0.102731,-0.0961990,-0.269802,-0.335599
1816.00,999.000,-2.56318,-0.0311961,7.41558,-0.167453,-0.158802,-0.428527,-0.529866
1817.00,999.000,-1.39423,-0.0316187,7.70717,-0.213867,-0.203813,-0.542583,-0.669245
1818.00,999.000,-0.265648,-0.0315879,8.00410,-0.216922,-0.207030,-0.550595,-0.678551
1819.00,999.000,0.185347,-0.0311070,8.30637,-0.193396,-0.184594,-0.493516,-0.608077
1820.00,999.000,0.311867,-0.0306063,8.61398,-0.162916,-0.155418,-0.419324,-0.516684
1821.00,999.000,0.318984,-0.0300866,8.92692,-0.133636,-0.127361,-0.347968,-0.428836
1822.00,999.000,0.321522,-0.0299700,9.24620,-0.107478,-0.102281,-0.284175,-0.350324
1823.00,999.000,0.325542,-0.0302540,9.57183,-0.0841354,-0.0798870,-0.227238,-0.280274
1824.00,999.000,0.333737,-0.0300959,9.90278,-0.0631988,-0.0597859,-0.176156,-0.217454
1825.00,999.000,0.347678,-0.0299164,10.2401,-0.0442370,-0.0415651,-0.129859,-0.160544
1826.00,999.000,0.366029,-0.0297187,10.5827,-0.0268594,-0.0248500,-0.0873927,-0.108374
1827.00,999.000,0.385377,-0.0295004,10.9317,-0.0107982,-0.00938424,-0.0481054,-0.0601382
1828.00,999.000,0.395600,-0.0292650,11.2860,0.00395931,0.00484294,-0.0119677,-0.0157990
1829.00,999.000,0.369518,-0.0285987,11.6457,0.0168008,0.0172388,0.0195358,0.0228272
1830.00,999.000,0.151585,-0.0303736,12.0166,0.0241639,0.0243626,0.0375967,0.0449495
1831.00,999.000,-0.242712,-0.0317203,12.3920,0.0205540,0.0209043,0.0286798,0.0339912
1832.00,999.000,-0.350690,-0.0305939,12.7726,0.00899822,0.00977229,0.000307173,-0.000803963
1833.00,999.000,-0.0619758,-0.0302696,13.1596,0.00172430,0.00275896,-0.0175368,-0.0226691
1834.00,999.000,-0.215300,-0.0299319,13.5520,-0.00249318,-0.00131320,-0.0278835,-0.0353293
1835.00,999.000,-0.819113,-0.0295765,13.9507,-0.0188365,-0.0170942,-0.0678922,-0.0843339
1836.00,999.000,-0.735064,-0.0308003,14.3587,-0.0419957,-0.0394735,-0.124654,-0.153834
1837.00,999.000,-0.124807,-0.0316002,14.7720,-0.0510158,-0.0482341,-0.146930,-0.181018
1838.00,999.000,0.249179,-0.0311779,15.1917,-0.0426663,-0.0402406,-0.126712,-0.156101
1839.00,999.000,0.363501,-0.0311298,15.6178,-0.0271361,-0.0253061,-0.0888720,-0.109605
1840.00,999.000,0.343505,-0.0314465,16.0511,-0.0117691,-0.0105100,-0.0514072,-0.0636046
1841.00,999.000,0.319340,-0.0317322,16.4909,0.00115437,0.00194642,-0.0199127,-0.0249555
1842.00,999.000,0.319973,-0.0319822,16.9379,0.0122504,0.0126548,0.00711952,0.00819569
1843.00,999.000,0.293452,-0.0322037,17.3913,0.0216839,0.0217720,0.0300941,0.0363490
1844.00,999.000,0.288578,-0.0323970,17.8520,0.0295492,0.0293870,0.0492416,0.0597909
1845.00,999.000,0.338834,-0.0337124,18.3221,0.0373075,0.0369082,0.0680920,0.0828514
1846.00,999.000,0.391591,-0.0342453,18.7975,0.0459325,0.0452753,0.0890205,0.108442
1847.00,999.000,0.429859,-0.0343764,19.2812,0.0551193,0.0541950,0.111336,0.135713
1848.00,999.000,0.458917,-0.0348794,19.7713,0.0644118,0.0632277,0.133926,0.163301
1849.00,999.000,0.444998,-0.0353696,20.2697,0.0729343,0.0715283,0.154631,0.188558
1850.00,999.000,0.405396,-0.0368631,20.7775,0.0796400,0.0780853,0.170850,0.208298
1851.00,999.000,0.398625,-0.0366539,21.2783,0.0848449,0.0832018,0.183386,0.223512
1852.00,999.000,0.400521,-0.0424842,21.8339,0.0894430,0.0877387,0.194252,0.236667
1853.00,999.000,0.393475,-0.0493044,22.3902,0.0935562,0.0918127,0.203480,0.247805
1854.00,999.000,0.384141,-0.0518262,22.9551,0.0970247,0.0952691,0.210863,0.256674
1855.00,999.000,0.242826,-0.0542671,23.5197,0.0976515,0.0959866,0.211231,0.256939
1856.00,999.000,-0.211073,-0.0557316,24.0947,0.0883524,0.0871243,0.187287,0.227409
1857.00,999.000,-0.444490,-0.0576582,24.6759,0.0686972,0.0682546,0.137984,0.166820
1858.00,999.000,-0.0968363,-0.0582140,25.2631,0.0531590,0.0533345,0.0987644,0.118636
1859.00,999.000,0.262109,-0.0600583,25.8604,0.0511266,0.0514308,0.0926172,0.111022
1860.00,-0.000750003,0.390709,-0.0683501,26.4704,0.0575163,0.0576532,0.106803,0.128334
1861.00,-0.100750,0.357790,-0.0810411,27.0936,0.0649640,0.0649045,0.122901,0.147976
1862.00,-0.140750,0.258114,-0.0783285,27.6643,0.0694653,0.0693207,0.131635,0.158579
1863.00,0.0192500,0.263904,-0.0717702,28.2420,0.0718326,0.0716825,0.135789,0.163562
1864.00,-0.130750,0.336234,-0.0736304,28.8282,0.0752021,0.0750142,0.142780,0.172017
1865.00,0.0692500,0.370764,-0.0769644,29.4220,0.0800225,0.0797502,0.153262,0.184746
1866.00,0.0892500,0.375045,-0.0846243,30.0189,0.0850492,0.0846909,0.163963,0.197734
1867.00,0.0192500,0.379540,-0.0927502,30.6225,0.0898002,0.0893712,0.173541,0.209336
1868.00,0.139250,0.404765,-0.0951191,31.2297,0.0946108,0.0941145,0.183081,0.220883
1869.00,0.109250,0.440705,-0.0930339,31.8425,0.0999128,0.0993377,0.194077,0.234207
1870.00,0.129250,0.469869,-0.0923776,32.4591,0.105692,0.105028,0.206591,0.249382
1871.00,0.0892500,0.468819,-0.101656,33.1028,0.111376,0.110632,0.218721,0.264075
1872.00,0.0792500,0.422773,-0.124667,33.8431,0.115921,0.115144,0.226968,0.273999
1873.00,0.0792500,0.369789,-0.144051,34.6044,0.118675,0.117932,0.229444,0.276843
1874.00,-0.0507500,0.353735,-0.147733,35.3622,0.120177,0.119515,0.228403,0.275376
1875.00,0.00925000,0.332461,-0.147777,36.1406,0.120931,0.120377,0.225918,0.272140
1876.00,-0.0107500,0.288309,-0.147081,36.9285,0.120519,0.120114,0.221095,0.266042
1877.00,0.329250,0.292982,-0.142556,37.7256,0.119463,0.119229,0.215340,0.258807
1878.00,0.369250,0.334209,-0.140247,38.5306,0.119242,0.119148,0.212264,0.254862
1879.00,0.149250,0.368246,-0.143939,39.3560,0.120318,0.120318,0.212597,0.255097
1880.00,0.139250,0.399955,-0.156129,40.2132,0.122510,0.122567,0.215279,0.258212
1881.00,0.149250,0.429205,-0.164782,41.1051,0.125656,0.125737,0.219754,0.263523
1882.00,0.169250,0.339820,-0.163024,41.9658,0.127518,0.127672,0.221179,0.265092
1883.00,0.0692500,-0.563533,-0.163261,42.8463,0.112664,0.113475,0.182105,0.217025
1884.00,-0.0407500,-1.30178,-0.164962,43.7334,0.0721945,0.0745361,0.0805316,0.0923955
1885.00,-0.0607500,-0.718939,-0.162722,44.6256,0.0336531,0.0374083,-0.0160919,-0.0260745
1886.00,-0.0207500,-0.235809,-0.161224,45.5238,0.0171035,0.0214595,-0.0585543,-0.0780761
1887.00,-0.0507500,-0.117215,-0.163560,46.4350,0.0124114,0.0169352,-0.0718527,-0.0942957
1888.00,0.0892500,-0.0165989,-0.172423,47.3767,0.0119804,0.0165180,-0.0750007,-0.0980631
1889.00,0.199250,-0.0845096,-0.176324,48.3169,0.0122473,0.0167737,-0.0767464,-0.100109
1890.00,-0.0707500,-0.123486,-0.178559,49.2846,0.0107579,0.0153348,-0.0827920,-0.107424
1891.00,0.0392500,-0.0281683,-0.185279,50.2669,0.0104457,0.0150301,-0.0860759,-0.111349
1892.00,-0.0607500,0.171455,-0.189980,51.2641,0.0151672,0.0195836,-0.0772433,-0.100422
1893.00,-0.120750,0.340367,-0.193352,52.2585,0.0255577,0.0296144,-0.0545716,-0.0725416
1894.00,-0.0307500,0.458547,-0.196997,53.2819,0.0396232,0.0432050,-0.0228835,-0.0336319
1895.00,0.0192500,0.434966,-0.202331,54.3323,0.0537711,0.0568921,0.00895278,0.00543024
1896.00,0.209250,0.262909,-0.205144,55.3976,0.0631604,0.0660033,0.0291302,0.0301740
1897.00,0.169250,0.163166,-0.205776,56.4871,0.0670169,0.0697857,0.0359399,0.0385157
1898.00,-0.0507500,0.258699,-0.207201,57.6031,0.0703956,0.0731114,0.0417838,0.0456677
1899.00,0.109250,0.367990,-0.210305,58.7623,0.0768465,0.0794062,0.0552278,0.0621289
1900.00,0.209250,0.414758,-0.213752,59.9495,0.0852337,0.0875775,0.0734060,0.0843802
1901.00,0.0892500,0.398490,-0.220041,61.2045,0.0932807,0.0954304,0.0906218,0.105436
1902.00,-0.0307500,-0.0416702,-0.226934,62.4735,0.0929583,0.0952147,0.0870958,0.101054
1903.00,-0.120750,-0.403369,-0.234030,63.8171,0.0794621,0.0822833,0.0510495,0.0568193
1904.00,-0.140750,-0.0817013,-0.241156,65.1894,0.0669289,0.0702646,0.0170830,0.0151665
1905.00,0.0292500,0.285079,-0.247118,66.6222,0.0673540,0.0707375,0.0146332,0.0121718
1906.00,0.0592500,0.389716,-0.255172,68.1258,0.0756919,0.0788480,0.0313552,0.0326763
1907.00,-0.0907500,0.369500,-0.263153,69.7135,0.0846431,0.0875605,0.0493352,0.0547072
1908.00,-0.160750,0.386643,-0.263656,71.2749,0.0926224,0.0953455,0.0650293,0.0739203
1909.00,-0.190750,0.452580,-0.261517,72.8773,0.101087,0.103609,0.0824062,0.0951815
1910.00,-0.170750,0.474067,-0.264995,74.5183,0.110082,0.112393,0.101399,0.118407
1911.00,-0.190750,0.475024,-0.264612,76.1332,0.118481,0.120613,0.119150,0.140095
1912.00,-0.100750,0.237872,-0.260444,77.7600,0.121988,0.124122,0.125431,0.147707
1913.00,-0.0807500,0.142892,-0.259409,79.4260,0.119549,0.121894,0.117620,0.138044
1914.00,0.0392500,0.387926,-0.255601,80.9908,0.119846,0.122304,0.116896,0.137074
1915.00,0.159250,0.544847,-0.250078,82.5345,0.126725,0.129068,0.132818,0.156507
1916.00,-0.0507500,0.619466,-0.251064,84.1437,0.136660,0.138789,0.156511,0.185449
1917.00,-0.130750,0.655080,-0.254376,85.8099,0.147368,0.149267,0.182000,0.216571
1918.00,0.00925000,0.662550,-0.255447,87.4602,0.157646,0.159344,0.206356,0.246282
1919.00,0.00925000,0.640626,-0.250501,88.9858,0.166520,0.168076,0.227535,0.272077
1920.00,0.0692500,0.538608,-0.249196,90.6391,0.172305,0.173839,0.241484,0.288993
1921.00,0.149250,0.513908,-0.247666,92.1995,0.175330,0.176942,0.248824,0.297797
1922.00,0.0292500,0.599174,-0.244542,93.7925,0.179000,0.180672,0.257949,0.308783
1923.00,0.0892500,0.618842,-0.255042,95.5158,0.184082,0.185768,0.270223,0.323620
1924.00,0.0392500,0.621606,-0.263123,97.2356,0.189140,0.190847,0.281713,0.337486
1925.00,0.139250,0.656901,-0.263141,98.9687,0.194350,0.196079,0.293358,0.351532
1926.00,0.239250,0.701245,-0.263762,100.713,0.200325,0.202054,0.306985,0.367999
1927.00,0.139250,0.721251,-0.268094,102.572,0.206762,0.208482,0.321668,0.385748
1928.00,0.129250,0.674629,-0.272843,104.437,0.212132,0.213886,0.333506,0.399997
1929.00,-0.000750003,0.624013,-0.275840,106.406,0.215368,0.217238,0.339968,0.407648
1930.00,0.229250,0.652519,-0.275574,108.355,0.217917,0.219928,0.344811,0.413310
1931.00,0.259250,0.678528,-0.269673,110.198,0.221055,0.223190,0.351515,0.421249
1932.00,0.219250,0.645150,-0.263158,111.858,0.223635,0.225917,0.357483,0.428281
1933.00,0.0592500,0.656846,-0.260836,113.559,0.225512,0.227967,0.362141,0.433704
1934.00,0.219250,0.717064,-0.263252,115.329,0.228396,0.230990,0.369264,0.442144
1935.00,0.169250,0.773297,-0.265242,117.151,0.232949,0.235628,0.380304,0.455380
1936.00,0.209250,0.831551,-0.268246,119.082,0.238960,0.241677,0.394737,0.472765
1937.00,0.329250,0.845050,-0.269306,121.071,0.245547,0.248289,0.410469,0.491731
1938.00,0.309250,0.833606,-0.261495,122.995,0.251398,0.254197,0.424742,0.508895
1939.00,0.299250,0.837512,-0.256511,124.966,0.256386,0.259279,0.437452,0.524132
1940.00,0.399250,0.848384,-0.260351,127.032,0.261076,0.264078,0.449446,0.538480
1941.00,0.399250,0.840653,-0.266567,129.116,0.265400,0.268528,0.460103,0.551181
1942.00,0.329250,0.796379,-0.271949,131.227,0.268495,0.271798,0.467296,0.559629
1943.00,0.369250,0.772910,-0.274817,133.382,0.270210,0.273737,0.470839,0.563598
1944.00,0.509250,0.801498,-0.278784,135.534,0.271897,0.275652,0.474131,0.567257
1945.00,0.369250,0.840125,-0.283026,137.463,0.274605,0.278552,0.479698,0.573703
1946.00,0.279250,0.874348,-0.291048,139.543,0.278347,0.282453,0.487437,0.582808
1947.00,0.299250,0.889470,-0.304166,141.805,0.282690,0.286938,0.495970,0.592880
1948.00,0.309250,0.898865,-0.317167,144.149,0.287197,0.291585,0.504099,0.602451
1949.00,0.239250,0.878521,-0.324644,146.450,0.291214,0.295763,0.510541,0.609949
1950.00,0.149250,0.841639,-0.332793,148.973,0.293985,0.298743,0.513699,0.613417
1951.00,0.319250,0.801351,-0.356395,151.829,0.295451,0.300466,0.512798,0.611908
1952.00,0.369250,0.766310,-0.380510,154.735,0.295922,0.301229,0.508035,0.605671
1953.00,0.439250,0.746104,-0.393785,157.680,0.295757,0.301378,0.500867,0.596490
1954.00,0.219250,0.754805,-0.406598,160.698,0.295659,0.301591,0.493567,0.587156
1955.00,0.149250,0.815376,-0.419692,163.932,0.296964,0.303155,0.489441,0.581721
1956.00,0.0892500,0.899099,-0.433029,167.354,0.300766,0.307131,0.491178,0.583477
1957.00,0.339250,0.966800,-0.446514,170.896,0.306908,0.313370,0.498412,0.591969
1958.00,0.389250,0.982448,-0.455691,174.546,0.313966,0.320498,0.507848,0.603156
1959.00,0.339250,0.968833,-0.456425,178.211,0.320377,0.327010,0.516194,0.612998
1960.00,0.289250,0.880203,-0.455518,181.981,0.324398,0.331222,0.519531,0.616697
1961.00,0.369250,0.751567,-0.471833,185.819,0.324513,0.331667,0.513417,0.608810
1962.00,0.359250,0.645151,-0.491885,189.755,0.321034,0.328643,0.497747,0.589220
1963.00,0.389250,0.162053,-0.501355,193.847,0.308411,0.316788,0.459290,0.541716
1964.00,0.0992500,-0.185672,-0.510162,198.106,0.283557,0.293110,0.390969,0.457648
1965.00,0.199250,0.162675,-0.517385,202.516,0.261638,0.272235,0.329969,0.382617
1966.00,0.269250,0.593344,-0.524162,207.114,0.255252,0.266325,0.307191,0.354487
1967.00,0.259250,0.768755,-0.533254,211.823,0.259807,0.270965,0.311319,0.359355
1968.00,0.229250,0.609199,-0.541248,216.646,0.264279,0.275531,0.315325,0.364070
1969.00,0.349250,0.575317,-0.543797,221.685,0.265143,0.276618,0.310836,0.358372
1970.00,0.299250,0.847402,-0.536648,226.958,0.269854,0.281419,0.316671,0.365330
1971.00,0.159250,1.03702,-0.526072,232.260,0.281589,0.293004,0.341050,0.395012
1972.00,0.259250,1.09744,-0.527394,237.706,0.296118,0.307299,0.373134,0.434116
1973.00,0.389250,1.06245,-0.537248,243.374,0.309565,0.320568,0.402518,0.469883
1974.00,0.119250,0.915371,-0.547795,249.057,0.318680,0.329669,0.420873,0.492106
1975.00,0.199250,0.821770,-0.559424,254.703,0.322985,0.334139,0.427002,0.499329
1976.00,0.0992500,0.977694,-0.575790,260.677,0.328104,0.339398,0.434474,0.508195
1977.00,0.389250,1.19883,-0.591670,266.800,0.339215,0.350446,0.455866,0.534115
1978.00,0.269250,1.27583,-0.597912,272.995,0.354256,0.365299,0.486634,0.571507
1979.00,0.389250,1.35619,-0.600988,279.447,0.370341,0.381178,0.520273,0.612391
1980.00,0.429250,1.46606,-0.613143,285.804,0.387952,0.398547,0.557688,0.657876
1981.00,0.479250,1.40776,-0.631920,292.017,0.404745,0.415147,0.592505,0.700142
1982.00,0.349250,0.714776,-0.654203,298.334,0.407547,0.418263,0.592134,0.699251
1983.00,0.519250,0.408766,-0.674795,304.670,0.393813,0.405421,0.550353,0.647611
1984.00,0.319250,0.951877,-0.686560,311.220,0.385853,0.398133,0.522268,0.612797
1985.00,0.309250,1.25132,-0.694201,317.939,0.392981,0.405397,0.531264,0.623456
1986.00,0.379250,1.34237,-0.701882,324.836,0.405966,0.418321,0.554917,0.652071
1987.00,0.529250,1.43528,-0.712199,331.883,0.420743,0.432989,0.583144,0.686274
1988.00,0.529250,1.57609,-0.721082,339.164,0.437952,0.450021,0.617447,0.727898
1989.00,0.459250,1.70061,-0.726259,346.577,0.457805,0.469626,0.658547,0.777824
1990.00,0.639250,1.74564,-0.729946,354.040,0.478375,0.489944,0.701906,0.830482
1991.00,0.589250,0.806741,-0.741871,361.656,0.481956,0.493889,0.703860,0.832357
1992.00,0.439250,0.183167,-0.758389,369.078,0.459432,0.472639,0.641523,0.755437
1993.00,0.479250,0.897138,-0.765683,376.500,0.441155,0.455461,0.589376,0.691064
1994.00,0.539250,1.43680,-0.768847,384.031,0.445882,0.460461,0.593898,0.696195
1995.00,0.669250,1.64121,-0.765514,391.678,0.462487,0.476931,0.628287,0.737928
1996.00,0.509250,1.73788,-0.758883,399.440,0.482201,0.496420,0.671407,0.790333
1997.00,0.729250,1.81567,-0.765711,407.277,0.502657,0.516647,0.716938,0.845654
1998.00,0.859250,1.92421,-0.780431,415.080,0.524150,0.537899,0.764669,0.903633
1999.00,0.639250,2.03322,-0.790237,422.831,0.547110,0.560591,0.815575,0.965461
2000.00,0.629250,2.09619,-0.801241,430.715,0.570586,0.583807,0.867533,1.02853
2001.00,0.779250,2.12798,-0.809699,438.743,0.593229,0.606246,0.917319,1.08890
2002.00,0.839250,2.14536,-0.810582,446.924,0.614290,0.627183,0.963532,1.14485
2003.00,0.849250,2.13790,-0.811290,455.435,0.633230,0.646098,1.00514,1.19510
2004.00,0.799250,2.12582,-0.812356,464.350,0.649800,0.662745,1.04145,1.23884
2005.00,0.899250,2.08375,-0.810851,473.517,0.663671,0.676806,1.07169,1.27511
2006.00,0.859250,1.99052,-0.803839,482.754,0.673729,0.687200,1.09341,1.30090
2007.00,0.829250,1.95195,-0.794964,492.061,0.680396,0.694332,1.10784,1.31775
2008.00,0.729250,1.98589,-0.786746,501.439,0.686155,0.700593,1.12099,1.33302
2009.00,0.839250,2.07529,-0.778220,510.887,0.693239,0.708138,1.13821,1.35327
2010.00,0.909250,2.19170,-0.769610,520.405,0.702868,0.718145,1.16242,1.38206
2011.00,0.769250,2.26852,-0.761186,529.992,0.714551,0.730145,1.19232,1.41782
2012.00,0.799250,2.32002,-0.752340,539.649,0.726979,0.742875,1.22466,1.45655
2013.00,999.000,2.34602,-0.743237,549.375,0.739219,0.755436,1.25712,1.49538
2014.00,999.000,2.34437,-0.734327,559.171,0.750409,0.766996,1.28752,1.53168
2015.00,999.000,2.34274,-0.725372,569.036,0.760208,0.777225,1.31497,1.56434
2016.00,999.000,2.35852,-0.716338,578.971,0.769061,0.786551,1.34051,1.59463
2017.00,999.000,2.38503,-0.707216,588.975,0.777541,0.795524,1.36552,1.62425
2018.00,999.000,2.41671,-0.698012,599.048,0.785953,0.804439,1.39069,1.65405
2019.00,999.000,2.45310,-0.688283,609.191,0.794464,0.813457,1.41643,1.68454
2020.00,999.000,2.54248,-0.678935,619.403,0.804021,0.823493,1.44504,1.71851
2021.00,999.000,2.65700,-0.671082,629.711,0.815825,0.835706,1.47934,1.75944
2022.00,999.000,2.73231,-0.663448,640.115,0.829405,0.849646,1.51809,1.80581
2023.00,999.000,2.78247,-0.655438,650.615,0.843493,0.864089,1.55820,1.85380
2024.00,999.000,2.80697,-0.647474,661.210,0.857186,0.878166,1.59746,1.90072
2025.00,999.000,2.80409,-0.639546,671.901,0.869648,0.891068,1.63380,1.94404
2026.00,999.000,2.80125,-0.631656,682.688,0.880563,0.902489,1.66645,1.98280
2027.00,999.000,2.81579,-0.623801,693.570,0.890394,0.912874,1.69652,2.01837
2028.00,999.000,2.84103,-0.615983,704.548,0.899731,0.922792,1.72545,2.05252
2029.00,999.000,2.87135,-0.608202,715.622,0.908892,0.932548,1.75400,2.08619
2030.00,999.000,2.90619,-0.600158,726.792,0.918055,0.942314,1.78262,2.11993
2031.00,999.000,2.99505,-0.591548,737.998,0.928188,0.953024,1.81371,2.15666
2032.00,999.000,3.11018,-0.583098,749.241,0.940514,0.965860,1.85026,2.20007
2033.00,999.000,3.18541,-0.575125,760.521,0.954569,0.980377,1.89112,2.24873
2034.00,999.000,3.23457,-0.567220,771.837,0.969068,0.995336,1.93311,2.29875
2035.00,999.000,3.25759,-0.559362,783.190,0.983096,1.00986,1.97399,2.34738
2036.00,999.000,3.25273,-0.551540,794.580,0.995809,1.02312,2.01169,2.39207
2037.00,999.000,3.24740,-0.543749,806.007,1.00688,1.03481,2.04541,2.43186
2038.00,999.000,3.25896,-0.535986,817.470,1.01678,1.04538,2.07626,2.46811
2039.00,999.000,3.28070,-0.528253,828.970,1.02607,1.05537,2.10567,2.50256
2040.00,999.000,3.30733,-0.520240,840.507,1.03508,1.06510,2.13442,2.53619
2041.00,999.000,3.33830,-0.511636,852.018,1.04399,1.07474,2.16297,2.56956
2042.00,999.000,3.42191,-0.503157,863.503,1.05375,1.08521,2.19369,2.60556
2043.00,999.000,3.53097,-0.495140,874.963,1.06557,1.09767,2.22950,2.64778
2044.00,999.000,3.60036,-0.487195,886.397,1.07899,1.11169,2.26925,2.69481
2045.00,999.000,3.64361,-0.479314,897.805,1.09274,1.12604,2.30983,2.74283
2046.00,999.000,3.66073,-0.471490,909.188,1.10591,1.13985,2.34903,2.78912
2047.00,999.000,3.65005,-0.463722,920.544,1.11768,1.15231,2.38481,2.83119
2048.00,999.000,3.63903,-0.456014,931.876,1.12774,1.16313,2.41640,2.86810
2049.00,999.000,3.64508,-0.448367,943.181,1.13655,1.17276,2.44495,2.90126
2050.00,999.000,3.66048,-0.441811,954.461,1.14470,1.18176,2.47185,2.93238
2051.00,999.000,3.67864,-0.437379,965.572,1.15250,1.19043,2.49771,2.96222
2052.00,999.000,3.69928,-0.434058,976.513,1.16010,1.19891,2.52281,2.99110
2053.00,999.000,3.77228,-0.430792,987.284,1.16845,1.20811,2.54943,3.02183
2054.00,999.000,3.87099,-0.427551,997.886,1.17875,1.21921,2.58059,3.05811
2055.00,999.000,3.92980,-0.424334,1008.32,1.19056,1.23178,2.61521,3.09861
2056.00,999.000,3.96224,-0.421129,1018.58,1.20261,1.24458,2.65021,3.13955
2057.00,999.000,3.96826,-0.417925,1028.68,1.21400,1.25675,2.68341,3.17826
2058.00,999.000,3.94618,-0.414711,1038.60,1.22389,1.26749,2.71279,3.21226
2059.00,999.000,3.92347,-0.411477,1048.35,1.23197,1.27650,2.73761,3.24066
2060.00,999.000,3.91726,-0.408468,1057.94,1.23871,1.28421,2.75902,3.26486
2061.00,999.000,3.92062,-0.405935,1067.29,1.24470,1.29121,2.77844,3.28662
2062.00,999.000,3.92803,-0.403637,1076.40,1.25026,1.29778,2.79664,3.30688
2063.00,999.000,3.93870,-0.401333,1085.28,1.25555,1.30411,2.81405,3.32615
2064.00,999.000,4.00185,-0.399025,1093.92,1.26154,1.31111,2.83303,3.34733
2065.00,999.000,4.09074,-0.396720,1102.32,1.26944,1.31997,2.85658,3.37412
2066.00,999.000,4.13975,-0.394421,1110.49,1.27881,1.33024,2.88363,3.40518
2067.00,999.000,4.16236,-0.392116,1118.42,1.28839,1.34072,2.91110,3.43673
2068.00,999.000,4.15853,-0.389794,1126.11,1.29727,1.35054,2.93678,3.46608
2069.00,999.000,4.12656,-0.387446,1133.57,1.30462,1.35889,2.95867,3.49077
2070.00,999.000,4.09365,-0.385316,1140.80,1.31014,1.36547,2.97600,3.50985
2071.00,999.000,4.07692,-0.383658,1147.71,1.31428,1.37072,2.98987,3.52470
2072.00,999.000,4.06975,-0.382227,1154.33,1.31763,1.37522,3.00171,3.53704
2073.00,999.000,4.06664,-0.380780,1160.64,1.32052,1.37926,3.01230,3.54785
2074.00,999.000,4.06671,-0.379317,1166.65,1.32310,1.38302,3.02206,3.55765
2075.00,999.000,4.11917,-0.377837,1172.36,1.32634,1.38740,3.03335,3.56932
2076.00,999.000,4.19728,-0.376348,1177.76,1.33147,1.39361,3.04918,3.58655
2077.00,999.000,4.23540,-0.374852,1182.86,1.33803,1.40120,3.06846,3.60801
2078.00,999.000,4.24702,-0.373335,1187.66,1.34476,1.40896,3.08811,3.62991
2079.00,999.000,4.23216,-0.371766,1192.15,1.35076,1.41601,3.10594,3.64956
2080.00,999.000,4.18818,-0.371113,1196.34,1.35519,1.42156,3.11986,3.66442
2081.00,999.000,4.14152,-0.372379,1200.53,1.35772,1.42528,3.12895,3.67337
2082.00,999.000,4.11208,-0.373811,1204.73,1.35883,1.42762,3.13431,3.67773
2083.00,999.000,4.09489,-0.374404,1208.93,1.35915,1.42920,3.13756,3.67951
2084.00,999.000,4.08345,-0.374925,1213.13,1.35907,1.43038,3.13967,3.67991
2085.00,999.000,4.07682,-0.375382,1217.33,1.35880,1.43138,3.14122,3.67962
2086.00,999.000,4.12411,-0.375783,1221.54,1.35934,1.43316,3.14465,3.68165
2087.00,999.000,4.19849,-0.376148,1225.75,1.36195,1.43693,3.15305,3.68977
2088.00,999.000,4.23427,-0.376486,1229.96,1.36620,1.44229,3.16540,3.70274
2089.00,999.000,4.24487,-0.376795,1234.18,1.37086,1.44803,3.17868,3.71683
2090.00,999.000,4.23017,-0.377076,1238.40,1.37502,1.45331,3.19072,3.72942
2091.00,999.000,4.18845,-0.377331,1242.62,1.37789,1.45733,3.19953,3.73804
2092.00,999.000,4.14710,-0.377555,1246.85,1.37916,1.45981,3.20440,3.74183
2093.00,999.000,4.12347,-0.377745,1251.08,1.37930,1.46120,3.20649,3.74221
2094.00,999.000,4.11083,-0.377910,1255.31,1.37893,1.46209,3.20728,3.74101
2095.00,999.000,4.10353,-0.378053,1259.54,1.37836,1.46278,3.20758,3.73922
2096.00,999.000,4.10067,-0.378179,1263.78,1.37779,1.46347,3.20783,3.73738
2097.00,999.000,4.15142,-0.378291,1268.02,1.37818,1.46507,3.21041,3.73840
2098.00,999.000,4.22898,-0.378401,1272.26,1.38075,1.46879,3.21834,3.74597
2099.00,999.000,4.26769,-0.378518,1276.51,1.38507,1.47418,3.23052,3.75877
2100.00,999.000,4.28077,-0.378871,1280.76,1.38986,1.48004,3.24385,3.77298
2101.00,999.000,4.26789,-0.379696,1284.90,1.39423,1.48549,3.25611,3.78585
2102.00,999.000,4.22757,-0.380512,1288.92,1.39734,1.48972,3.26521,3.79487
2103.00,999.000,4.18729,-0.381050,1292.82,1.39887,1.49243,3.27041,3.79910
2104.00,999.000,4.16419,-0.381525,1296.62,1.39927,1.49405,3.27285,3.79995
2105.00,999.000,4.15156,-0.381946,1300.30,1.39915,1.49516,3.27394,3.79916
2106.00,999.000,4.14378,-0.382322,1303.86,1.39879,1.49604,3.27448,3.79769
2107.00,999.000,4.13994,-0.382658,1307.31,1.39839,1.49686,3.27487,3.79606
2108.00,999.000,4.18922,-0.382959,1310.65,1.39888,1.49855,3.27746,3.79712
2109.00,999.000,4.26484,-0.383241,1313.87,1.40149,1.50229,3.28524,3.80455
2110.00,999.000,4.30116,-0.383512,1316.98,1.40578,1.50763,3.29710,3.81699
2111.00,999.000,4.31161,-0.383765,1320.01,1.41046,1.51336,3.30995,3.83062
2112.00,999.000,4.29621,-0.383998,1322.96,1.41463,1.51860,3.32156,3.84275
2113.00,999.000,4.25331,-0.384206,1325.82,1.41747,1.52255,3.32990,3.85087
2114.00,999.000,4.21034,-0.384385,1328.61,1.41866,1.52492,3.33422,3.85406
2115.00,999.000,4.18465,-0.384538,1331.31,1.41867,1.52614,3.33567,3.85372
2116.00,999.000,4.16952,-0.384669,1333.93,1.41810,1.52679,3.33569,3.85165
2117.00,999.000,4.15933,-0.384784,1336.47,1.41727,1.52719,3.33506,3.84880
2118.00,999.000,4.15317,-0.384885,1338.92,1.41635,1.52750,3.33424,3.84571
2119.00,999.000,4.20023,-0.384974,1341.30,1.41631,1.52865,3.33556,3.84526
2120.00,999.000,4.27373,-0.385063,1343.59,1.41837,1.53183,3.34204,3.85114
2121.00,999.000,4.30801,-0.385161,1345.85,1.42209,1.53660,3.35257,3.86199
2122.00,999.000,4.31663,-0.385259,1348.08,1.42620,1.54176,3.36407,3.87402
2123.00,999.000,4.29963,-0.385350,1350.27,1.42981,1.54643,3.37435,3.88456
2124.00,999.000,4.25529,-0.385431,1352.44,1.43208,1.54981,3.38139,3.89111
2125.00,999.000,4.21103,-0.385493,1354.57,1.43273,1.55162,3.38443,3.89278
2126.00,999.000,4.18421,-0.385537,1356.66,1.43221,1.55231,3.38463,3.89097
2127.00,999.000,4.16811,-0.385571,1358.72,1.43113,1.55244,3.38345,3.88748
2128.00,999.000,4.15709,-0.385601,1360.75,1.42981,1.55234,3.38169,3.88328
2129.00,999.000,4.15027,-0.385624,1362.75,1.42843,1.55218,3.37978,3.87891
2130.00,999.000,4.19681,-0.385645,1364.72,1.42796,1.55289,3.38009,3.87727
2131.00,999.000,4.26993,-0.385674,1366.65,1.42962,1.55565,3.38561,3.88203
2132.00,999.000,4.30401,-0.385717,1368.57,1.43296,1.56004,3.39527,3.89186
2133.00,999.000,4.31249,-0.385766,1370.45,1.43674,1.56483,3.40598,3.90297
2134.00,999.000,4.29533,-0.385815,1372.32,1.44003,1.56918,3.41553,3.91266
2135.00,999.000,4.25080,-0.385857,1374.15,1.44203,1.57226,3.42189,3.91844
2136.00,999.000,4.20633,-0.385888,1375.96,1.44241,1.57379,3.42430,3.91940
2137.00,999.000,4.17930,-0.385907,1377.75,1.44165,1.57421,3.42392,3.91693
2138.00,999.000,4.16297,-0.385920,1379.51,1.44035,1.57410,3.42220,3.91283
2139.00,999.000,4.15172,-0.385928,1381.24,1.43882,1.57376,3.41993,3.90805
2140.00,999.000,4.14467,-0.385933,1382.95,1.43724,1.57338,3.41754,3.90315
2141.00,999.000,4.19098,-0.385938,1384.64,1.43658,1.57388,3.41739,3.90100
2142.00,999.000,4.26387,-0.385951,1386.29,1.43807,1.57643,3.42248,3.90528
2143.00,999.000,4.29769,-0.385981,1387.93,1.44125,1.58063,3.43172,3.91466
2144.00,999.000,4.30590,-0.386018,1389.53,1.44486,1.58524,3.44203,3.92533
2145.00,999.000,4.28843,-0.386055,1391.11,1.44800,1.58940,3.45118,3.93460
2146.00,999.000,4.24357,-0.386088,1392.66,1.44985,1.59231,3.45716,3.93997
2147.00,999.000,4.19876,-0.386109,1394.19,1.45008,1.59366,3.45920,3.94051
2148.00,999.000,4.17134,-0.386119,1395.69,1.44918,1.59391,3.45844,3.93764
2149.00,999.000,4.18776,-0.386124,1397.22,1.44828,1.59416,3.45769,3.93478
2150.00,999.000,4.21486,-0.386125,1398.77,1.44829,1.59529,3.45916,3.93466
2151.00,999.000,4.21486,-0.386125,1400.32,1.44884,1.59692,3.46195,3.93614
2152.00,999.000,4.21486,-0.386125,1401.88,1.44941,1.59858,3.46479,3.93770
2153.00,999.000,4.21486,-0.386125,1403.43,1.45000,1.60025,3.46768,3.93933
2154.00,999.000,4.21486,-0.386125,1404.98,1.45061,1.60194,3.47061,3.94102
2155.00,999.000,4.21486,-0.386125,1406.52,1.45124,1.60365,3.47359,3.94276
2156.00,999.000,4.21486,-0.386125,1408.05,1.45189,1.60536,3.47659,3.94455
2157.00,999.000,4.21486,-0.386125,1409.57,1.45254,1.60708,3.47963,3.94638
2158.00,999.000,4.21486,-0.386125,1411.09,1.45321,1.60882,3.48269,3.94824
2159.00,999.000,4.21486,-0.386125,1412.59,1.45389,1.61056,3.48577,3.95014
2160.00,999.000,4.21486,-0.386125,1414.09,1.45457,1.61230,3.48887,3.95206
2161.00,999.000,4.21486,-0.386125,1415.57,1.45526,1.61405,3.49199,3.95400
2162.00,999.000,4.21486,-0.386125,1417.04,1.45596,1.61580,3.49512,3.95597
2163.00,999.000,4.21486,-0.386125,1418.50,1.45667,1.61756,3.49825,3.95795
2164.00,999.000,4.21486,-0.386125,1419.95,1.45738,1.61931,3.50140,3.95994
2165.00,999.000,4.21486,-0.386125,1421.39,1.45809,1.62107,3.50455,3.96195
2166.00,999.000,4.21486,-0.386125,1422.82,1.45881,1.62283,3.50771,3.96397
2167.00,999.000,4.21486,-0.386125,1424.23,1.45953,1.62458,3.51087,3.96599
2168.00,999.000,4.21486,-0.386125,1425.64,1.46025,1.62634,3.51403,3.96803
2169.00,999.000,4.21486,-0.386125,1427.03,1.46097,1.62810,3.51719,3.97007
2170.00,999.000,4.21486,-0.386125,1428.41,1.46169,1.62985,3.52035,3.97211
2171.00,999.000,4.21486,-0.386125,1429.78,1.46242,1.63161,3.52352,3.97416
2172.00,999.000,4.21486,-0.386125,1431.14,1.46314,1.63336,3.52668,3.97621
2173.00,999.000,4.21486,-0.386125,1432.49,1.46387,1.63511,3.52983,3.97826
2174.00,999.000,4.21486,-0.386125,1433.83,1.46460,1.63685,3.53299,3.98031
2175.00,999.000,4.21486,-0.386125,1435.16,1.46532,1.63860,3.53614,3.98236
2176.00,999.000,4.21486,-0.386125,1436.48,1.46605,1.64034,3.53929,3.98442
2177.00,999.000,4.21486,-0.386125,1437.79,1.46677,1.64207,3.54243,3.98647
2178.00,999.000,4.21486,-0.386125,1439.09,1.46750,1.64381,3.54557,3.98852
2179.00,999.000,4.21486,-0.386125,1440.38,1.46822,1.64554,3.54870,3.99056
2180.00,999.000,4.21486,-0.386125,1441.66,1.46895,1.64727,3.55183,3.99261
2181.00,999.000,4.21486,-0.386125,1442.93,1.46967,1.64899,3.55495,3.99465
2182.00,999.000,4.21486,-0.386125,1444.19,1.47039,1.65072,3.55807,3.99669
2183.00,999.000,4.21486,-0.386125,1445.44,1.47111,1.65243,3.56118,3.99873
2184.00,999.000,4.21486,-0.386125,1446.68,1.47183,1.65415,3.56428,4.00077
2185.00,999.000,4.21486,-0.386125,1447.92,1.47255,1.65586,3.56738,4.00280
2186.00,999.000,4.21486,-0.386125,1449.14,1.47326,1.65756,3.57047,4.00483
2187.00,999.000,4.21486,-0.386125,1450.36,1.47398,1.65927,3.57356,4.00685
2188.00,999.000,4.21486,-0.386125,1451.57,1.47469,1.66097,3.57664,4.00887
2189.00,999.000,4.21486,-0.386125,1452.77,1.47540,1.66266,3.57971,4.01089
2190.00,999.000,4.21486,-0.386125,1453.96,1.47611,1.66435,3.58278,4.01290
2191.00,999.000,4.21486,-0.386125,1455.14,1.47682,1.66604,3.58583,4.01491
2192.00,999.000,4.21486,-0.386125,1456.31,1.47753,1.66773,3.58889,4.01691
2193.00,999.000,4.21486,-0.386125,1457.48,1.47824,1.66940,3.59193,4.01891
2194.00,999.000,4.21486,-0.386125,1458.64,1.47894,1.67108,3.59497,4.02091
2195.00,999.000,4.21486,-0.386125,1459.79,1.47965,1.67275,3.59800,4.02290
2196.00,999.000,4.21486,-0.386125,1460.94,1.48035,1.67442,3.60102,4.02488
2197.00,999.000,4.21486,-0.386125,1462.08,1.48105,1.67608,3.60404,4.02687
2198.00,999.000,4.21486,-0.386125,1463.21,1.48175,1.67774,3.60705,4.02884
2199.00,999.000,4.21486,-0.386125,1464.33,1.48244,1.67940,3.61005,4.03082
2200.00,999.000,4.21486,-0.386125,1465.44,1.48314,1.68105,3.61305,4.03279
2201.00,999.000,4.21486,-0.386125,1466.55,1.48383,1.68270,3.61603,4.03475
2202.00,999.000,4.21486,-0.386125,1467.65,1.48452,1.68435,3.61901,4.03671
2203.00,999.000,4.21486,-0.386125,1468.75,1.48521,1.68599,3.62199,4.03866
2204.00,999.000,4.21486,-0.386125,1469.84,1.48590,1.68762,3.62496,4.04061
2205.00,999.000,4.21486,-0.386125,1470.92,1.48659,1.68925,3.62791,4.04256
2206.00,999.000,4.21486,-0.386125,1472.00,1.48728,1.69088,3.63087,4.04450
2207.00,999.000,4.21486,-0.386125,1473.07,1.48796,1.69251,3.63381,4.04644
2208.00,999.000,4.21486,-0.386125,1474.13,1.48864,1.69413,3.63675,4.04837
2209.00,999.000,4.21486,-0.386125,1475.19,1.48932,1.69574,3.63968,4.05029
2210.00,999.000,4.21486,-0.386125,1476.24,1.49000,1.69736,3.64261,4.05222
2211.00,999.000,4.21486,-0.386125,1477.28,1.49068,1.69897,3.64552,4.05414
2212.00,999.000,4.21486,-0.386125,1478.32,1.49135,1.70057,3.64843,4.05605
2213.00,999.000,4.21486,-0.386125,1479.36,1.49203,1.70217,3.65134,4.05796
2214.00,999.000,4.21486,-0.386125,1480.38,1.49270,1.70377,3.65423,4.05986
2215.00,999.000,4.21486,-0.386125,1481.41,1.49337,1.70536,3.65712,4.06176
2216.00,999.000,4.21486,-0.386125,1482.42,1.49404,1.70695,3.66000,4.06365
2217.00,999.000,4.21486,-0.386125,1483.44,1.49471,1.70854,3.66288,4.06555
2218.00,999.000,4.21486,-0.386125,1484.44,1.49538,1.71012,3.66575,4.06743
2219.00,999.000,4.21486,-0.386125,1485.44,1.49604,1.71170,3.66861,4.06931
2220.00,999.000,4.21486,-0.386125,1486.44,1.49670,1.71327,3.67146,4.07119
2221.00,999.000,4.21486,-0.386125,1487.43,1.49736,1.71484,3.67431,4.07306
2222.00,999.000,4.21486,-0.386125,1488.41,1.49802,1.71641,3.67715,4.07493
2223.00,999.000,4.21486,-0.386125,1489.39,1.49868,1.71797,3.67998,4.07679
2224.00,999.000,4.21486,-0.386125,1490.37,1.49934,1.71953,3.68281,4.07865
2225.00,999.000,4.21486,-0.386125,1491.34,1.49999,1.72108,3.68563,4.08050
2226.00,999.000,4.21486,-0.386125,1492.31,1.50065,1.72263,3.68844,4.08235
2227.00,999.000,4.21486,-0.386125,1493.27,1.50130,1.72418,3.69125,4.08420
2228.00,999.000,4.21486,-0.386125,1494.23,1.50195,1.72572,3.69404,4.08604
2229.00,999.000,4.21486,-0.386125,1495.18,1.50260,1.72726,3.69684,4.08787
2230.00,999.000,4.21486,-0.386125,1496.12,1.50324,1.72880,3.69962,4.08971
2231.00,999.000,4.21486,-0.386125,1497.07,1.50389,1.73033,3.70240,4.09153
2232.00,999.000,4.21486,-0.386125,1498.01,1.50453,1.73186,3.70517,4.09336
2233.00,999.000,4.21486,-0.386125,1498.94,1.50517,1.73339,3.70794,4.09517
2234.00,999.000,4.21486,-0.386125,1499.87,1.50581,1.73491,3.71069,4.09699
2235.00,999.000,4.21486,-0.386125,1500.80,1.50645,1.73642,3.71345,4.09880
2236.00,999.000,4.21486,-0.386125,1501.72,1.50709,1.73794,3.71619,4.10060
2237.00,999.000,4.21486,-0.386125,1502.64,1.50773,1.73945,3.71893,4.10240
2238.00,999.000,4.21486,-0.386125,1503.55,1.50836,1.74095,3.72166,4.10420
2239.00,999.000,4.21486,-0.386125,1504.46,1.50899,1.74246,3.72438,4.10599
2240.00,999.000,4.21486,-0.386125,1505.37,1.50962,1.74396,3.72710,4.10778
2241.00,999.000,4.21486,-0.386125,1506.27,1.51025,1.74545,3.72981,4.10956
2242.00,999.000,4.21486,-0.386125,1507.17,1.51088,1.74694,3.73252,4.11134
2243.00,999.000,4.21486,-0.386125,1508.06,1.51151,1.74843,3.73522,4.11311
2244.00,999.000,4.21486,-0.386125,1508.96,1.51213,1.74992,3.73791,4.11488
2245.00,999.000,4.21486,-0.386125,1509.84,1.51276,1.75140,3.74059,4.11665
2246.00,999.000,4.21486,-0.386125,1510.73,1.51338,1.75287,3.74327,4.11841
2247.00,999.000,4.21486,-0.386125,1511.61,1.51400,1.75435,3.74594,4.12017
2248.00,999.000,4.21486,-0.386125,1512.48,1.51462,1.75582,3.74861,4.12192
2249.00,999.000,4.21486,-0.386125,1513.36,1.51524,1.75728,3.75127,4.12367
2250.00,999.000,4.21486,-0.386125,1514.23,1.51585,1.75875,3.75392,4.12541
2251.00,999.000,4.21486,-0.386125,1515.09,1.51647,1.76021,3.75657,4.12715
2252.00,999.000,4.21486,-0.386125,1515.95,1.51708,1.76166,3.75921,4.12889
2253.00,999.000,4.21486,-0.386125,1516.81,1.51769,1.76311,3.76184,4.13062
2254.00,999.000,4.21486,-0.386125,1517.67,1.51830,1.76456,3.76447,4.13235
2255.00,999.000,4.21486,-0.386125,1518.52,1.51891,1.76601,3.76709,4.13407
2256.00,999.000,4.21486,-0.386125,1519.37,1.51952,1.76745,3.76970,4.13579
2257.00,999.000,4.21486,-0.386125,1520.22,1.52012,1.76889,3.77231,4.13750
2258.00,999.000,4.21486,-0.386125,1521.06,1.52073,1.77032,3.77491,4.13921
2259.00,999.000,4.21486,-0.386125,1521.91,1.52133,1.77175,3.77750,4.14092
2260.00,999.000,4.21486,-0.386125,1522.74,1.52193,1.77318,3.78009,4.14262
2261.00,999.000,4.21486,-0.386125,1523.58,1.52253,1.77460,3.78267,4.14432
2262.00,999.000,4.21486,-0.386125,1524.41,1.52313,1.77602,3.78525,4.14601
2263.00,999.000,4.21486,-0.386125,1525.24,1.52372,1.77744,3.78782,4.14770
2264.00,999.000,4.21486,-0.386125,1526.06,1.52432,1.77886,3.79038,4.14939
2265.00,999.000,4.21486,-0.386125,1526.89,1.52491,1.78027,3.79294,4.15107
2266.00,999.000,4.21486,-0.386125,1527.71,1.52551,1.78167,3.79549,4.15275
2267.00,999.000,4.21486,-0.386125,1528.52,1.52610,1.78308,3.79804,4.15442
2268.00,999.000,4.21486,-0.386125,1529.34,1.52669,1.78448,3.80057,4.15609
2269.00,999.000,4.21486,-0.386125,1530.15,1.52727,1.78587,3.80311,4.15775
2270.00,999.000,4.21486,-0.386125,1530.96,1.52786,1.78727,3.80563,4.15941
2271.00,999.000,4.21486,-0.386125,1531.77,1.52845,1.78866,3.80815,4.16107
2272.00,999.000,4.21486,-0.386125,1532.57,1.52903,1.79004,3.81067,4.16272
2273.00,999.000,4.21486,-0.386125,1533.37,1.52961,1.79142,3.81317,4.16437
2274.00,999.000,4.21486,-0.386125,1534.17,1.53019,1.79280,3.81568,4.16602
2275.00,999.000,4.21486,-0.386125,1534.97,1.53077,1.79418,3.81817,4.16766
2276.00,999.000,4.21486,-0.386125,1535.76,1.53135,1.79555,3.82066,4.16930
2277.00,999.000,4.21486,-0.386125,1536.55,1.53193,1.79692,3.82314,4.17093
2278.00,999.000,4.21486,-0.386125,1537.34,1.53250,1.79829,3.82562,4.17256
2279.00,999.000,4.21486,-0.386125,1538.13,1.53308,1.79965,3.82809,4.17418
2280.00,999.000,4.21486,-0.386125,1538.91,1.53365,1.80101,3.83056,4.17580
2281.00,999.000,4.21486,-0.386125,1539.69,1.53422,1.80237,3.83301,4.17742
2282.00,999.000,4.21486,-0.386125,1540.47,1.53479,1.80372,3.83547,4.17903
2283.00,999.000,4.21486,-0.386125,1541.25,1.53536,1.80507,3.83792,4.18064
2284.00,999.000,4.21486,-0.386125,1542.02,1.53592,1.80642,3.84036,4.18225
2285.00,999.000,4.21486,-0.386125,1542.79,1.53649,1.80776,3.84279,4.18385
2286.00,999.000,4.21486,-0.386125,1543.56,1.53705,1.80910,3.84522,4.18545
2287.00,999.000,4.21486,-0.386125,1544.33,1.53762,1.81044,3.84764,4.18704
2288.00,999.000,4.21486,-0.386125,1545.10,1.53818,1.81177,3.85006,4.18863
2289.00,999.000,4.21486,-0.386125,1545.86,1.53874,1.81310,3.85247,4.19022
2290.00,999.000,4.21486,-0.386125,1546.62,1.53930,1.81442,3.85488,4.19180
2291.00,999.000,4.21486,-0.386125,1547.38,1.53985,1.81575,3.85728,4.19337
2292.00,999.000,4.21486,-0.386125,1548.14,1.54041,1.81707,3.85967,4.19495
2293.00,999.000,4.21486,-0.386125,1548.89,1.54096,1.81839,3.86206,4.19652
2294.00,999.000,4.21486,-0.386125,1549.64,1.54152,1.81970,3.86444,4.19809
2295.00,999.000,4.21486,-0.386125,1550.39,1.54207,1.82101,3.86682,4.19965
2296.00,999.000,4.21486,-0.386125,1551.14,1.54262,1.82232,3.86919,4.20121
2297.00,999.000,4.21486,-0.386125,1551.89,1.54317,1.82362,3.87155,4.20276
2298.00,999.000,4.21486,-0.386125,1552.63,1.54372,1.82492,3.87391,4.20431
2299.00,999.000,4.21486,-0.386125,1553.38,1.54426,1.82622,3.87627,4.20586
