Output of simple 2-box model under RCP3PD radiative forcing,
Low  response ECS=1.5; TCR=1.0K; Aerosol scaled by:     0.132488,
Low AR4 vals  ECS=2.0; TCR=1.0K; Aerosol scaled by:     0.132488,
High response ECS=4.5; TCR=2.5K; Aerosol scaled by:      1.79689,
High AR4 vals ECS=4.5; TCR=3.0K; Aerosol scaled by:      2.06191,
Year,Observations,Total forcing,Aerosol forcing,Cumulative CO2,Low response,Low - AR4,High response,High - AR4
1765.00,999.000,0.00000,0.00000,0.00300000,0.0517020,0.0473076,0.0517425,0.228903
1766.00,999.000,0.126027,0.000955297,0.0113383,0.0537838,0.0376486,-0.0641571,-0.0377011
1767.00,999.000,0.273031,0.00142472,0.0250149,0.0601532,0.0437987,-0.0484085,-0.0183742
1768.00,999.000,0.278871,0.000197399,0.0440298,0.0683658,0.0517357,-0.0282047,0.00638522
1769.00,999.000,0.242045,-0.00127844,0.0683830,0.0751883,0.0583409,-0.0115813,0.0267006
1770.00,999.000,0.242824,-0.00273384,0.0980744,0.0806955,0.0636847,0.00164802,0.0428047
1771.00,999.000,0.284142,-0.00454133,0.134104,0.0863385,0.0691663,0.0150314,0.0590490
1772.00,999.000,0.299857,-0.00632004,0.175472,0.0923559,0.0750159,0.0291515,0.0761473
1773.00,999.000,0.290756,-0.00768095,0.222179,0.0978615,0.0803789,0.0418913,0.0915145
1774.00,999.000,0.278100,-0.00899457,0.274223,0.102435,0.0848482,0.0522664,0.103954
1775.00,999.000,0.268839,-0.0102608,0.331606,0.106175,0.0885196,0.0605371,0.113792
1776.00,999.000,0.276856,-0.0114799,0.394328,0.109520,0.0918125,0.0677824,0.122353
1777.00,999.000,0.305761,-0.0126524,0.462387,0.113145,0.0953804,0.0756735,0.131691
1778.00,999.000,0.337875,-0.0137792,0.535785,0.117419,0.0995793,0.0851239,0.142926
1779.00,999.000,0.347581,-0.0148612,0.614521,0.121951,0.104031,0.0951840,0.154895
1780.00,999.000,0.341674,-0.0159002,0.698596,0.126077,0.108097,0.104243,0.165626
1781.00,999.000,0.333722,-0.0173357,0.789008,0.129556,0.111543,0.111683,0.174357
1782.00,999.000,0.291020,-0.0187348,0.884759,0.131852,0.113852,0.116176,0.179458
1783.00,999.000,0.175605,-0.0196591,0.985849,0.131305,0.113418,0.113692,0.176000
1784.00,999.000,0.0902692,-0.0205406,1.09228,0.127513,0.109852,0.103283,0.162838
1785.00,999.000,0.162453,-0.0213771,1.20404,0.123957,0.106509,0.0934660,0.150415
1786.00,999.000,0.289562,-0.0221664,1.32115,0.124142,0.106771,0.0928222,0.149249
1787.00,999.000,0.352999,-0.0229061,1.44359,0.127502,0.110098,0.0999823,0.157655
1788.00,999.000,0.361769,-0.0235941,1.57137,0.131716,0.114254,0.109269,0.168668
1789.00,999.000,0.251054,-0.0242280,1.70449,0.133792,0.116350,0.113365,0.173317
1790.00,999.000,0.0888822,-0.0248062,1.84295,0.131124,0.113869,0.105890,0.163790
1791.00,999.000,0.108020,-0.0257757,1.98774,0.126403,0.109405,0.0933997,0.148127
1792.00,999.000,0.232799,-0.0266920,2.13788,0.124636,0.107784,0.0881162,0.141306
1793.00,999.000,0.294575,-0.0271103,2.29335,0.126194,0.109371,0.0909930,0.144497
1794.00,999.000,0.291738,-0.0274789,2.45416,0.128576,0.111754,0.0959501,0.150247
1795.00,999.000,0.256846,-0.0277995,2.62031,0.130082,0.113295,0.0988263,0.153454
1796.00,999.000,0.245053,-0.0280741,2.79179,0.130659,0.113940,0.0994910,0.153961
1797.00,999.000,0.262057,-0.0287504,2.96962,0.131279,0.114628,0.100290,0.154638
1798.00,999.000,0.277467,-0.0293838,3.15278,0.132395,0.115794,0.102304,0.156805
1799.00,999.000,0.285635,-0.0295300,3.34129,0.133796,0.117238,0.105056,0.159882
1800.00,999.000,0.303460,-0.0300800,3.53613,0.135491,0.118965,0.108566,0.163893
1801.00,999.000,0.325814,-0.0305855,3.73631,0.137688,0.121179,0.113316,0.169424
1802.00,999.000,0.322938,-0.0314857,3.94382,0.139991,0.123498,0.118316,0.175253
1803.00,999.000,0.308295,-0.0318974,4.15568,0.141773,0.125317,0.122035,0.179509
1804.00,999.000,0.306252,-0.0313806,4.37287,0.143085,0.126683,0.124697,0.182482
1805.00,999.000,0.305549,-0.0312685,4.59540,0.144204,0.127865,0.127002,0.185040
1806.00,999.000,0.296562,-0.0315614,4.82427,0.145048,0.128782,0.128682,0.186839
1807.00,999.000,0.287336,-0.0318218,5.05848,0.145510,0.129332,0.129448,0.187519
1808.00,999.000,-0.206609,-0.0316127,5.29803,0.137564,0.121766,0.109677,0.163041
1809.00,999.000,-1.35012,-0.0313782,5.54291,0.103276,0.0887652,0.0254917,0.0596484
1810.00,999.000,-1.75196,-0.0311204,5.79314,0.0471105,0.0346071,-0.112236,-0.109274
1811.00,999.000,-0.956129,-0.0312737,6.04970,0.00375433,-0.00725642,-0.218676,-0.239717
1812.00,999.000,-0.279183,-0.0313998,6.31160,-0.0102810,-0.0208725,-0.253416,-0.282186
1813.00,999.000,-0.0779071,-0.0310632,6.57884,-0.00815842,-0.0189101,-0.248592,-0.276126
1814.00,999.000,-0.598962,-0.0307014,6.85141,-0.0116063,-0.0223213,-0.257330,-0.286680
1815.00,999.000,-2.06194,-0.0307462,7.13033,-0.0476718,-0.0572185,-0.345881,-0.395038
1816.00,999.000,-2.56318,-0.0311961,7.41558,-0.112381,-0.119806,-0.504634,-0.589361
1817.00,999.000,-1.39423,-0.0316187,7.70717,-0.158779,-0.164797,-0.618728,-0.728816
1818.00,999.000,-0.265648,-0.0315879,8.00410,-0.161816,-0.167993,-0.626779,-0.738202
1819.00,999.000,0.185347,-0.0311070,8.30637,-0.138277,-0.145542,-0.569729,-0.667787
1820.00,999.000,0.311867,-0.0306063,8.61398,-0.107792,-0.116356,-0.495553,-0.576419
1821.00,999.000,0.318984,-0.0300866,8.92692,-0.0785132,-0.0882968,-0.424200,-0.488566
1822.00,999.000,0.321522,-0.0299700,9.24620,-0.0523593,-0.0632174,-0.360402,-0.410034
1823.00,999.000,0.325542,-0.0302540,9.57183,-0.0290194,-0.0408218,-0.303465,-0.339972
1824.00,999.000,0.333737,-0.0300959,9.90278,-0.00808410,-0.0207183,-0.252385,-0.277146
1825.00,999.000,0.347678,-0.0299164,10.2401,0.0108748,-0.00249663,-0.206086,-0.220223
1826.00,999.000,0.366029,-0.0297187,10.5827,0.0282477,0.0142177,-0.163615,-0.168031
1827.00,999.000,0.385377,-0.0295004,10.9317,0.0443025,0.0296810,-0.124320,-0.119766
1828.00,999.000,0.395600,-0.0292650,11.2860,0.0590519,0.0439039,-0.0881705,-0.0753895
1829.00,999.000,0.369518,-0.0285987,11.6457,0.0718809,0.0562913,-0.0566468,-0.0367060
1830.00,999.000,0.151585,-0.0303736,12.0166,0.0792400,0.0634148,-0.0385822,-0.0145653
1831.00,999.000,-0.242712,-0.0317203,12.3920,0.0756459,0.0599754,-0.0475346,-0.0255960
1832.00,999.000,-0.350690,-0.0305939,12.7726,0.0641057,0.0488621,-0.0759426,-0.0604628
1833.00,999.000,-0.0619758,-0.0302696,13.1596,0.0568371,0.0418575,-0.0938014,-0.0823523
1834.00,999.000,-0.215300,-0.0299319,13.5520,0.0526206,0.0377898,-0.104154,-0.0950169
1835.00,999.000,-0.819113,-0.0295765,13.9507,0.0362741,0.0220094,-0.144161,-0.144007
1836.00,999.000,-0.735064,-0.0308003,14.3587,0.0131178,-0.000363603,-0.200933,-0.213521
1837.00,999.000,-0.124807,-0.0316002,14.7720,0.00411282,-0.00910603,-0.223243,-0.240774
1838.00,999.000,0.249179,-0.0311779,15.1917,0.0124783,-0.00109354,-0.203061,-0.215930
1839.00,999.000,0.363501,-0.0311298,15.6178,0.0280202,0.0138558,-0.165249,-0.169488
1840.00,999.000,0.343505,-0.0314465,16.0511,0.0433995,0.0286673,-0.127812,-0.123544
1841.00,999.000,0.319340,-0.0317322,16.4909,0.0563378,0.0411417,-0.0963517,-0.0849627
1842.00,999.000,0.319973,-0.0319822,16.9379,0.0674506,0.0518698,-0.0693569,-0.0518884
1843.00,999.000,0.293452,-0.0322037,17.3913,0.0769022,0.0610081,-0.0464224,-0.0238179
1844.00,999.000,0.288578,-0.0323970,17.8520,0.0847863,0.0686449,-0.0273166,-0.000462510
1845.00,999.000,0.338834,-0.0337124,18.3221,0.0925708,0.0761950,-0.00852236,0.0224776
1846.00,999.000,0.391591,-0.0342453,18.7975,0.101231,0.0845995,0.0123326,0.0479077
1847.00,999.000,0.429859,-0.0343764,19.2812,0.110453,0.0935569,0.0345742,0.0750174
1848.00,999.000,0.458917,-0.0348794,19.7713,0.119781,0.102628,0.0570888,0.102441
1849.00,999.000,0.444998,-0.0353696,20.2697,0.128341,0.110969,0.0777145,0.127525
1850.00,999.000,0.405396,-0.0368631,20.7775,0.135093,0.117574,0.0938372,0.147053
1851.00,999.000,0.398625,-0.0366539,21.2783,0.140347,0.122742,0.106272,0.162041
1852.00,999.000,0.400521,-0.0424842,21.8339,0.145024,0.127358,0.116979,0.174837
1853.00,999.000,0.393475,-0.0493044,22.3902,0.149284,0.131578,0.125911,0.185300
1854.00,999.000,0.384141,-0.0518262,22.9551,0.152941,0.135220,0.132916,0.193306
1855.00,999.000,0.242826,-0.0542671,23.5197,0.153766,0.136133,0.132887,0.192663
1856.00,999.000,-0.211073,-0.0557316,24.0947,0.144667,0.127468,0.108543,0.162215
1857.00,999.000,-0.444490,-0.0576582,24.6759,0.125210,0.108795,0.0588403,0.100715
1858.00,999.000,-0.0968363,-0.0582140,25.2631,0.109864,0.0940657,0.0192350,0.0516492
1859.00,999.000,0.262109,-0.0600583,25.8604,0.108018,0.0923466,0.0127139,0.0431821
1860.00,-0.0215000,0.390709,-0.0683501,26.4704,0.114635,0.0987941,0.0264433,0.0594502
1861.00,-0.121500,0.357790,-0.0810411,27.0936,0.122413,0.106370,0.0418803,0.0775754
1862.00,-0.161500,0.258114,-0.0783285,27.6643,0.127270,0.111136,0.0499040,0.0865480
1863.00,-0.00150000,0.263904,-0.0717702,28.2420,0.129897,0.113754,0.0535370,0.0903396
1864.00,-0.151500,0.336234,-0.0736304,28.8282,0.133469,0.117288,0.0601191,0.0978662
1865.00,0.0485000,0.370764,-0.0769644,29.4220,0.138502,0.122236,0.0701733,0.109622
1866.00,0.0685000,0.375045,-0.0846243,30.0189,0.143785,0.127432,0.0803590,0.121434
1867.00,-0.00150000,0.379540,-0.0927502,30.6225,0.148860,0.132433,0.0892852,0.131546
1868.00,0.118500,0.404765,-0.0951191,31.2297,0.154024,0.137525,0.0981171,0.141473
1869.00,0.0885000,0.440705,-0.0930339,31.8425,0.159643,0.143062,0.108478,0.153346
1870.00,0.108500,0.469869,-0.0923776,32.4591,0.165687,0.149016,0.120458,0.167306
1871.00,0.0685000,0.468819,-0.101656,33.1028,0.171659,0.154908,0.132005,0.180674
1872.00,0.0585000,0.422773,-0.124667,33.8431,0.176659,0.159868,0.139342,0.188512
1873.00,0.0585000,0.369789,-0.144051,34.6044,0.180077,0.163307,0.140493,0.188311
1874.00,-0.0715000,0.353735,-0.147733,35.3622,0.182310,0.165606,0.137993,0.183488
1875.00,-0.0115000,0.332461,-0.147777,36.1406,0.183739,0.167131,0.134162,0.177162
1876.00,-0.0315000,0.288309,-0.147081,36.9285,0.183922,0.167455,0.128146,0.168332
1877.00,0.308500,0.292982,-0.142556,37.7256,0.183365,0.167063,0.121391,0.158812
1878.00,0.348500,0.334209,-0.140247,38.5306,0.183545,0.167383,0.117504,0.153022
1879.00,0.128500,0.368246,-0.143939,39.3560,0.184989,0.168922,0.117095,0.151576
1880.00,0.118500,0.399955,-0.156129,40.2132,0.187605,0.171593,0.118921,0.152746
1881.00,0.128500,0.429205,-0.164782,41.1051,0.191255,0.175266,0.122378,0.155739
1882.00,0.148500,0.339820,-0.163024,41.9658,0.193610,0.177692,0.122811,0.155050
1883.00,0.0485000,-0.563533,-0.163261,42.8463,0.179185,0.163925,0.0828689,0.105013
1884.00,-0.0615000,-1.30178,-0.164962,43.7334,0.139110,0.125383,-0.0195040,-0.0214258
1885.00,-0.0815000,-0.718939,-0.162722,44.6256,0.100917,0.0886086,-0.116837,-0.141495
1886.00,-0.0415000,-0.235809,-0.161224,45.5238,0.0846559,0.0729552,-0.159890,-0.194819
1887.00,-0.0715000,-0.117215,-0.163560,46.4350,0.0802264,0.0687018,-0.173729,-0.212243
1888.00,0.0685000,-0.0165989,-0.172423,47.3767,0.0800985,0.0685948,-0.177498,-0.217400
1889.00,0.178500,-0.0845096,-0.176324,48.3169,0.0807141,0.0692051,-0.179955,-0.221046
1890.00,-0.0915000,-0.123486,-0.178559,49.2846,0.0795735,0.0681212,-0.186712,-0.229961
1891.00,0.0185000,-0.0281683,-0.185279,50.2669,0.0796273,0.0681885,-0.190743,-0.235565
1892.00,-0.0815000,0.171455,-0.189980,51.2641,0.0847454,0.0731439,-0.182718,-0.226457
1893.00,-0.141500,0.340367,-0.193352,52.2585,0.0955391,0.0835834,-0.160867,-0.200426
1894.00,-0.0515000,0.458547,-0.196997,53.2819,0.110007,0.0975826,-0.129999,-0.163363
1895.00,-0.00150000,0.434966,-0.202331,54.3323,0.124569,0.111690,-0.0990066,-0.126201
1896.00,0.188500,0.262909,-0.205144,55.3976,0.134378,0.121227,-0.0796839,-0.103381
1897.00,0.148500,0.163166,-0.205776,56.4871,0.138630,0.125412,-0.0736818,-0.0968532
1898.00,-0.0715000,0.258699,-0.207201,57.6031,0.142374,0.129112,-0.0685870,-0.0913782
1899.00,0.0885000,0.367990,-0.210305,58.7623,0.149180,0.135771,-0.0558702,-0.0765418
1900.00,0.188500,0.414758,-0.213752,59.9495,0.157923,0.144309,-0.0384241,-0.0559257
1901.00,0.0685000,0.398490,-0.220041,61.2045,0.166348,0.152549,-0.0219833,-0.0366043
1902.00,-0.0515000,-0.0416702,-0.226934,62.4735,0.166444,0.152760,-0.0263644,-0.0429041
1903.00,-0.141500,-0.403369,-0.234030,63.8171,0.153407,0.140295,-0.0633467,-0.0892440
1904.00,-0.161500,-0.0817013,-0.241156,65.1894,0.141370,0.128780,-0.0983242,-0.133174
1905.00,0.00850000,0.285079,-0.247118,66.6222,0.142318,0.129782,-0.101838,-0.138569
1906.00,0.0385000,0.389716,-0.255172,68.1258,0.151209,0.138451,-0.0862388,-0.120598
1907.00,-0.111500,0.369500,-0.263153,69.7135,0.160751,0.147760,-0.0694583,-0.101277
1908.00,-0.181500,0.386643,-0.263656,71.2749,0.169309,0.156130,-0.0549406,-0.0847187
1909.00,-0.211500,0.452580,-0.261517,72.8773,0.178280,0.164909,-0.0385977,-0.0657803
1910.00,-0.191500,0.474067,-0.264995,74.5183,0.187735,0.174164,-0.0205487,-0.0446660
1911.00,-0.211500,0.475024,-0.264612,76.1332,0.196564,0.182828,-0.00368120,-0.0249508
1912.00,-0.121500,0.237872,-0.260444,77.7600,0.200428,0.186709,0.00185956,-0.0189738
1913.00,-0.101500,0.142892,-0.259409,79.4260,0.198276,0.184787,-0.00655411,-0.0299545
1914.00,0.0185000,0.387926,-0.255601,80.9908,0.198800,0.185446,-0.00776346,-0.0319691
1915.00,0.138500,0.544847,-0.250078,82.5345,0.205827,0.192382,0.00783139,-0.0132138
1916.00,-0.0715000,0.619466,-0.251064,84.1437,0.215868,0.202234,0.0312796,0.0152431
1917.00,-0.151500,0.655080,-0.254376,85.8099,0.226698,0.212860,0.0564910,0.0458037
1918.00,-0.0115000,0.662550,-0.255447,87.4602,0.237115,0.223099,0.0805388,0.0748820
1919.00,-0.0115000,0.640626,-0.250501,88.9858,0.246090,0.231958,0.101482,0.100213
1920.00,0.0485000,0.538608,-0.249196,90.6391,0.251929,0.237802,0.115289,0.116882
1921.00,0.128500,0.513908,-0.247666,92.1995,0.254986,0.240966,0.122528,0.125535
1922.00,0.00850000,0.599174,-0.244542,93.7925,0.258659,0.244729,0.131612,0.136506
1923.00,0.0685000,0.618842,-0.255042,95.5158,0.263791,0.249903,0.143751,0.151114
1924.00,0.0185000,0.621606,-0.263123,97.2356,0.269010,0.255166,0.154889,0.164245
1925.00,0.118500,0.656901,-0.263141,98.9687,0.274414,0.260614,0.166114,0.177400
1926.00,0.218500,0.701245,-0.263762,100.713,0.280568,0.266791,0.179352,0.193047
1927.00,0.118500,0.721251,-0.268094,102.572,0.287196,0.273433,0.193622,0.209918
1928.00,0.108500,0.674629,-0.272843,104.437,0.292794,0.279087,0.204973,0.223122
1929.00,-0.0215000,0.624013,-0.275840,106.406,0.296282,0.282712,0.210900,0.229617
1930.00,0.208500,0.652519,-0.275574,108.355,0.299074,0.285667,0.215226,0.234164
1931.00,0.238500,0.678528,-0.269673,110.198,0.302392,0.289133,0.221536,0.241275
1932.00,0.198500,0.645150,-0.263158,111.858,0.305060,0.291974,0.227295,0.247908
1933.00,0.0385000,0.656846,-0.260836,113.559,0.306963,0.294080,0.231866,0.253214
1934.00,0.198500,0.717064,-0.263252,115.329,0.309871,0.297158,0.238902,0.261536
1935.00,0.148500,0.773297,-0.265242,117.151,0.314477,0.301876,0.249802,0.274533
1936.00,0.188500,0.831551,-0.268246,119.082,0.320567,0.308032,0.264042,0.291556
1937.00,0.308500,0.845050,-0.269306,121.071,0.327252,0.314768,0.279545,0.310074
1938.00,0.288500,0.833606,-0.261495,122.995,0.333151,0.320753,0.293686,0.327019
1939.00,0.278500,0.837512,-0.256511,124.966,0.338105,0.325833,0.306426,0.342409
1940.00,0.378500,0.848384,-0.260351,127.032,0.342760,0.330628,0.318451,0.356916
1941.00,0.378500,0.840653,-0.266567,129.116,0.347117,0.335141,0.329006,0.369464
1942.00,0.308500,0.796379,-0.271949,131.227,0.350315,0.338539,0.335960,0.377441
1943.00,0.348500,0.772910,-0.274817,133.382,0.352174,0.340648,0.339182,0.380749
1944.00,0.488500,0.801498,-0.278784,135.534,0.354034,0.342758,0.342097,0.383619
1945.00,0.348500,0.840125,-0.283026,137.463,0.356947,0.345887,0.347222,0.389123
1946.00,0.258500,0.874348,-0.291048,139.543,0.360948,0.350068,0.354410,0.397036
1947.00,0.278500,0.889470,-0.304166,141.805,0.365654,0.354933,0.362190,0.405447
1948.00,0.288500,0.898865,-0.317167,144.149,0.370645,0.360079,0.369325,0.412798
1949.00,0.218500,0.878521,-0.324644,146.450,0.375219,0.364826,0.374627,0.417738
1950.00,0.128500,0.841639,-0.332793,148.973,0.378583,0.368410,0.376573,0.418484
1951.00,0.298500,0.801351,-0.356395,151.829,0.380774,0.370865,0.374200,0.413656
1952.00,0.348500,0.766310,-0.380510,154.735,0.382182,0.372566,0.367545,0.403119
1953.00,0.418500,0.746104,-0.393785,157.680,0.383081,0.373776,0.358230,0.389057
1954.00,0.198500,0.754805,-0.406598,160.698,0.384091,0.375093,0.348698,0.374644
1955.00,0.128500,0.815376,-0.419692,163.932,0.386540,0.377800,0.342263,0.363955
1956.00,0.0685000,0.899099,-0.433029,167.354,0.391524,0.382954,0.341617,0.360290
1957.00,0.318500,0.966800,-0.446514,170.896,0.398884,0.390407,0.346396,0.363199
1958.00,0.368500,0.982448,-0.455691,174.546,0.407165,0.398756,0.353364,0.368774
1959.00,0.318500,0.968833,-0.456425,178.211,0.414727,0.406421,0.359383,0.373338
1960.00,0.268500,0.880203,-0.455518,181.981,0.419773,0.411665,0.360642,0.372337
1961.00,0.348500,0.751567,-0.471833,185.819,0.420895,0.413127,0.352481,0.359827
1962.00,0.338500,0.645151,-0.491885,189.755,0.418538,0.411231,0.334539,0.335092
1963.00,0.368500,0.162053,-0.501355,193.847,0.407096,0.400562,0.293691,0.282173
1964.00,0.0785000,-0.185672,-0.510162,198.106,0.383406,0.378056,0.223010,0.192765
1965.00,0.178500,0.162675,-0.517385,202.516,0.362623,0.358327,0.159703,0.112522
1966.00,0.248500,0.593344,-0.524162,207.114,0.357337,0.353528,0.134691,0.0793506
1967.00,0.238500,0.768755,-0.533254,211.823,0.362969,0.359260,0.136626,0.0792760
1968.00,0.208500,0.609199,-0.541248,216.646,0.368507,0.364907,0.138460,0.0791015
1969.00,0.328500,0.575317,-0.543797,221.685,0.370387,0.367029,0.131898,0.0687442
1970.00,0.278500,0.847402,-0.536648,226.958,0.375976,0.372732,0.135928,0.0716725
1971.00,0.138500,1.03702,-0.526072,232.260,0.388388,0.385026,0.158901,0.0982499
1972.00,0.238500,1.09744,-0.527394,237.706,0.403466,0.399908,0.189832,0.134836
1973.00,0.368500,1.06245,-0.537248,243.374,0.417474,0.413774,0.218038,0.168031
1974.00,0.0985000,0.915371,-0.547795,249.057,0.427215,0.423538,0.235083,0.187377
1975.00,0.178500,0.821770,-0.559424,254.703,0.432218,0.428739,0.239763,0.191401
1976.00,0.0785000,0.977694,-0.575790,260.677,0.438132,0.434824,0.245592,0.196620
1977.00,0.368500,1.19883,-0.591670,266.800,0.450152,0.446808,0.265117,0.218374
1978.00,0.248500,1.27583,-0.597912,272.995,0.466139,0.462635,0.293938,0.251422
1979.00,0.368500,1.35619,-0.600988,279.447,0.483127,0.479447,0.325718,0.288165
1980.00,0.408500,1.46606,-0.613143,285.804,0.501638,0.497747,0.361278,0.329520
1981.00,0.458500,1.40776,-0.631920,292.017,0.519425,0.515370,0.394054,0.367228
1982.00,0.328500,0.714776,-0.654203,298.334,0.523366,0.519648,0.391352,0.361113
1983.00,0.498500,0.408766,-0.674795,304.670,0.510912,0.508106,0.346963,0.303606
1984.00,0.298500,0.951877,-0.686560,311.220,0.504291,0.502177,0.316150,0.262649
1985.00,0.288500,1.25132,-0.694201,317.939,0.512733,0.510777,0.322465,0.267281
1986.00,0.358500,1.34237,-0.701882,324.836,0.526984,0.524993,0.343529,0.290087
1987.00,0.508500,1.43528,-0.712199,331.883,0.543002,0.540930,0.369218,0.318599
1988.00,0.508500,1.57609,-0.721082,339.164,0.561436,0.559216,0.401010,0.354602
1989.00,0.438500,1.70061,-0.726259,346.577,0.582470,0.580033,0.439688,0.399114
1990.00,0.618500,1.74564,-0.729946,354.040,0.604148,0.601496,0.480764,0.446686
1991.00,0.568500,0.806741,-0.741871,361.656,0.608815,0.606564,0.480479,0.443578
1992.00,0.418500,0.183167,-0.758389,369.078,0.587436,0.586497,0.415785,0.361406
1993.00,0.458500,0.897138,-0.765683,376.500,0.570328,0.570524,0.361233,0.291672
1994.00,0.518500,1.43680,-0.768847,384.031,0.576164,0.576674,0.363467,0.291717
1995.00,0.648500,1.64121,-0.765514,391.678,0.593759,0.594179,0.395801,0.328908
1996.00,0.488500,1.73788,-0.758883,399.440,0.614298,0.614545,0.437191,0.377527
1997.00,0.708500,1.81567,-0.765711,407.277,0.635495,0.635569,0.481158,0.429451
1998.00,0.838500,1.92421,-0.780431,415.080,0.657785,0.657671,0.527216,0.483778
1999.00,0.618500,2.03322,-0.790237,422.831,0.681608,0.681280,0.576313,0.541644
2000.00,0.608500,2.09619,-0.801241,430.715,0.705986,0.705450,0.626387,0.600583
2001.00,0.758500,2.12798,-0.809699,438.743,0.729554,0.728867,0.674239,0.656701
2002.00,0.818500,2.14536,-0.810582,446.924,0.751502,0.750745,0.718596,0.708579
2003.00,0.828500,2.13790,-0.811290,455.435,0.771247,0.770522,0.758506,0.755147
2004.00,0.778500,2.12582,-0.812356,464.350,0.788549,0.787963,0.793263,0.795522
2005.00,0.878500,2.08345,-0.811151,473.517,0.803074,0.802742,0.822086,0.828758
2006.00,0.838500,1.98931,-0.805046,482.827,0.813665,0.813739,0.842528,0.851939
2007.00,0.808500,1.95046,-0.796631,492.281,0.820715,0.821329,0.855898,0.866747
2008.00,0.708500,1.98526,-0.788071,501.876,0.826729,0.827925,0.868310,0.880677
2009.00,0.818500,2.07657,-0.779138,511.612,0.833979,0.835718,0.885186,0.900348
2010.00,0.888500,2.19765,-0.768484,521.490,0.843731,0.845933,0.909613,0.929539
2011.00,0.748500,2.28298,-0.754782,531.406,0.855541,0.858142,0.940670,0.967143
2012.00,0.778500,2.34299,-0.740069,541.361,0.868104,0.871092,0.975272,1.00940
2013.00,999.000,2.37445,-0.726401,551.353,0.880444,0.883837,1.01084,1.05309
2014.00,999.000,2.37619,-0.713462,561.384,0.891642,0.895493,1.04484,1.09508
2015.00,999.000,2.37606,-0.700967,571.453,0.901319,0.905691,1.07613,1.13390
2016.00,999.000,2.39160,-0.688837,581.561,0.909885,0.914826,1.10555,1.17057
2017.00,999.000,2.41628,-0.677034,591.707,0.917887,0.923425,1.13430,1.20653
2018.00,999.000,2.44465,-0.665539,601.891,0.925612,0.931763,1.16296,1.24247
2019.00,999.000,2.47637,-0.653891,612.113,0.933210,0.939985,1.19182,1.27873
2020.00,999.000,2.55939,-0.643403,622.373,0.941619,0.948996,1.22306,1.31796
2021.00,999.000,2.66555,-0.635557,632.402,0.952042,0.959957,1.25933,1.36334
2022.00,999.000,2.72972,-0.629424,642.200,0.964004,0.972415,1.29916,1.41302
2023.00,999.000,2.76626,-0.623751,651.766,0.976209,0.985118,1.33927,1.46293
2024.00,999.000,2.77597,-0.617898,661.101,0.987729,0.997171,1.37740,1.51032
2025.00,999.000,2.75724,-0.611837,670.204,0.997716,1.00776,1.41154,1.55274
2026.00,999.000,2.73754,-0.605585,679.076,1.00585,1.01656,1.44095,1.58930
2027.00,999.000,2.73423,-0.599160,687.716,1.01258,1.02402,1.46681,1.62145
2028.00,999.000,2.74063,-0.592578,696.124,1.01850,1.03070,1.49057,1.65100
2029.00,999.000,2.75116,-0.585849,704.302,1.02393,1.03691,1.51306,1.67895
2030.00,999.000,2.76372,-0.580215,712.247,1.02903,1.04281,1.53463,1.70573
2031.00,999.000,2.82629,-0.576928,719.901,1.03476,1.04932,1.55740,1.73389
2032.00,999.000,2.91404,-0.573994,727.263,1.04234,1.05761,1.58421,1.76690
2033.00,999.000,2.96250,-0.570175,734.332,1.05132,1.06726,1.61405,1.80352
2034.00,999.000,2.98439,-0.566239,741.109,1.06043,1.07705,1.64396,1.84014
2035.00,999.000,2.97966,-0.562180,747.594,1.06877,1.08611,1.67176,1.87412
2036.00,999.000,2.94657,-0.558000,753.786,1.07552,1.09363,1.69546,1.90302
2037.00,999.000,2.91257,-0.553706,759.687,1.08035,1.09930,1.71434,1.92596
2038.00,999.000,2.89501,-0.549303,765.295,1.08374,1.10359,1.72958,1.94439
2039.00,999.000,2.88717,-0.544800,770.611,1.08628,1.10706,1.74265,1.96014
2040.00,999.000,2.88238,-0.541297,775.635,1.08829,1.11002,1.75428,1.97410
2041.00,999.000,2.87865,-0.539911,780.495,1.08994,1.11263,1.76470,1.98650
2042.00,999.000,2.92638,-0.539607,785.192,1.09220,1.11582,1.77608,1.99997
2043.00,999.000,2.99996,-0.539387,789.725,1.09629,1.12078,1.79142,2.01819
2044.00,999.000,3.03373,-0.539291,794.094,1.10178,1.12710,1.80971,2.03991
2045.00,999.000,3.04117,-0.539305,798.299,1.10743,1.13357,1.82793,2.06145
2046.00,999.000,3.02220,-0.539420,802.341,1.11233,1.13933,1.84393,2.08017
2047.00,999.000,2.97513,-0.539619,806.219,1.11568,1.14358,1.85573,2.09367
2048.00,999.000,2.92742,-0.539850,809.933,1.11716,1.14604,1.86263,2.10109
2049.00,999.000,2.89647,-0.540074,813.483,1.11725,1.14715,1.86583,2.10391
2050.00,999.000,2.87479,-0.541068,816.870,1.11656,1.14750,1.86676,2.10390
2051.00,999.000,2.85599,-0.543639,820.122,1.11540,1.14740,1.86611,2.10185
2052.00,999.000,2.84014,-0.547099,823.238,1.11396,1.14702,1.86419,2.09816
2053.00,999.000,2.87747,-0.550647,826.219,1.11321,1.14731,1.86341,2.09575
2054.00,999.000,2.94127,-0.554215,829.065,1.11441,1.14947,1.86687,2.09845
2055.00,999.000,2.96587,-0.557813,831.775,1.11713,1.15309,1.87358,2.10505
2056.00,999.000,2.96470,-0.561436,834.351,1.12012,1.15697,1.88054,2.11187
2057.00,999.000,2.93766,-0.565081,836.791,1.12248,1.16026,1.88562,2.11631
2058.00,999.000,2.88301,-0.568747,839.096,1.12341,1.16215,1.88684,2.11596
2059.00,999.000,2.82814,-0.572431,841.265,1.12260,1.16237,1.88350,2.10997
2060.00,999.000,2.79115,-0.575378,843.300,1.12052,1.16136,1.87684,2.09988
2061.00,999.000,2.76606,-0.576818,845.196,1.11778,1.15970,1.86852,2.08775
2062.00,999.000,2.74637,-0.577794,846.955,1.11472,1.15772,1.85948,2.07478
2063.00,999.000,2.73062,-0.578993,848.575,1.11151,1.15560,1.85020,2.06153
2064.00,999.000,2.76833,-0.580050,850.057,1.10913,1.15428,1.84302,2.05091
2065.00,999.000,2.83272,-0.580986,851.401,1.10882,1.15494,1.84098,2.04661
2066.00,999.000,2.85809,-0.581820,852.607,1.11014,1.15716,1.84302,2.04733
2067.00,999.000,2.85790,-0.582553,853.675,1.11182,1.15975,1.84606,2.04931
2068.00,999.000,2.83204,-0.583185,854.605,1.11298,1.16182,1.84791,2.04986
2069.00,999.000,2.77876,-0.583721,855.397,1.11278,1.16258,1.84655,2.04649
2070.00,999.000,2.72593,-0.583678,856.051,1.11092,1.16174,1.84126,2.03833
2071.00,999.000,2.69135,-0.582582,856.651,1.10787,1.15974,1.83328,2.02694
2072.00,999.000,2.66802,-0.580916,857.198,1.10424,1.15717,1.82417,2.01423
2073.00,999.000,2.65003,-0.579171,857.691,1.10034,1.15434,1.81474,2.00122
2074.00,999.000,2.63641,-0.577372,858.130,1.09637,1.15143,1.80542,1.98841
2075.00,999.000,2.67634,-0.575523,858.515,1.09330,1.14938,1.79856,1.97869
2076.00,999.000,2.74303,-0.573639,858.847,1.09236,1.14939,1.79717,1.97571
2077.00,999.000,2.77084,-0.571730,859.125,1.09312,1.15102,1.80013,1.97813
2078.00,999.000,2.77320,-0.569789,859.349,1.09430,1.15306,1.80435,1.98214
2079.00,999.000,2.75004,-0.567813,859.520,1.09502,1.15466,1.80762,1.98501
2080.00,999.000,2.69932,-0.566086,859.637,1.09445,1.15500,1.80787,1.98422
2081.00,999.000,2.64816,-0.564897,859.716,1.09228,1.15380,1.80428,1.97874
2082.00,999.000,2.61452,-0.563632,859.756,1.08897,1.15150,1.79795,1.96992
2083.00,999.000,2.59194,-0.562018,859.757,1.08512,1.14866,1.79035,1.95957
2084.00,999.000,2.57448,-0.560396,859.720,1.08106,1.14561,1.78230,1.94869
2085.00,999.000,2.56122,-0.558767,859.645,1.07695,1.14252,1.77422,1.93780
2086.00,999.000,2.60137,-0.557135,859.531,1.07378,1.14031,1.76846,1.92978
2087.00,999.000,2.66813,-0.555509,859.378,1.07275,1.14018,1.76802,1.92830
2088.00,999.000,2.69589,-0.553895,859.187,1.07343,1.14168,1.77180,1.93201
2089.00,999.000,2.69811,-0.552287,858.958,1.07455,1.14361,1.77670,1.93711
2090.00,999.000,2.67473,-0.550654,858.690,1.07521,1.14509,1.78053,1.94090
2091.00,999.000,2.62405,-0.548964,858.407,1.07459,1.14533,1.78124,1.94088
2092.00,999.000,2.57343,-0.547319,858.108,1.07236,1.14402,1.77808,1.93612
2093.00,999.000,2.54025,-0.545733,857.795,1.06901,1.14162,1.77218,1.92802
2094.00,999.000,2.51787,-0.544110,857.466,1.06513,1.13870,1.76500,1.91836
2095.00,999.000,2.50068,-0.542452,857.122,1.06104,1.13557,1.75732,1.90811
2096.00,999.000,2.48777,-0.540762,856.764,1.05691,1.13240,1.74958,1.89780
2097.00,999.000,2.52834,-0.539042,856.390,1.05373,1.13013,1.74415,1.89034
2098.00,999.000,2.59560,-0.537301,856.000,1.05270,1.12993,1.74403,1.88940
2099.00,999.000,2.62394,-0.535548,855.596,1.05338,1.13139,1.74813,1.89365
2100.00,999.000,2.62581,-0.534772,855.176,1.05452,1.13328,1.75330,1.89920
2101.00,999.000,2.60015,-0.535966,854.737,1.05520,1.13473,1.75712,1.90304
2102.00,999.000,2.54692,-0.537488,854.276,1.05460,1.13493,1.75742,1.90251
2103.00,999.000,2.49458,-0.538317,853.795,1.05240,1.13359,1.75352,1.89678
2104.00,999.000,2.45981,-0.539083,853.294,1.04908,1.13117,1.74666,1.88738
2105.00,999.000,2.43587,-0.539791,852.772,1.04524,1.12823,1.73833,1.87615
2106.00,999.000,2.41715,-0.540447,852.230,1.04119,1.12510,1.72933,1.86410
2107.00,999.000,2.40274,-0.541054,851.667,1.03712,1.12193,1.72015,1.85179
2108.00,999.000,2.44181,-0.541616,851.084,1.03399,1.11966,1.71314,1.84214
2109.00,999.000,2.50760,-0.542146,850.481,1.03303,1.11947,1.71133,1.83887
2110.00,999.000,2.53447,-0.542651,849.857,1.03379,1.12095,1.71365,1.84064
2111.00,999.000,2.53589,-0.543124,849.212,1.03500,1.12286,1.71703,1.84370
2112.00,999.000,2.51178,-0.543559,848.547,1.03577,1.12434,1.71927,1.84535
2113.00,999.000,2.46040,-0.543954,847.862,1.03527,1.12460,1.71836,1.84314
2114.00,999.000,2.40916,-0.544303,847.156,1.03319,1.12332,1.71353,1.83612
2115.00,999.000,2.37538,-0.544609,846.430,1.02999,1.12096,1.70595,1.82573
2116.00,999.000,2.35235,-0.544875,845.683,1.02627,1.11809,1.69706,1.81375
2117.00,999.000,2.33444,-0.545106,844.916,1.02234,1.11502,1.68766,1.80116
2118.00,999.000,2.32077,-0.545302,844.128,1.01839,1.11192,1.67818,1.78848
2119.00,999.000,2.36052,-0.545465,843.320,1.01537,1.10970,1.67098,1.77861
2120.00,999.000,2.42693,-0.545608,842.492,1.01451,1.10957,1.66907,1.77522
2121.00,999.000,2.45438,-0.545735,841.643,1.01537,1.11109,1.67136,1.77700
2122.00,999.000,2.45633,-0.545840,840.773,1.01668,1.11304,1.67475,1.78014
2123.00,999.000,2.43271,-0.545915,839.883,1.01753,1.11456,1.67706,1.78194
2124.00,999.000,2.38178,-0.545956,838.973,1.01711,1.11484,1.67626,1.77993
2125.00,999.000,2.33095,-0.545965,838.042,1.01510,1.11358,1.67157,1.77318
2126.00,999.000,2.29753,-0.545956,837.111,1.01196,1.11124,1.66414,1.76308
2127.00,999.000,2.27485,-0.545940,836.180,1.00829,1.10837,1.65543,1.75141
2128.00,999.000,2.25736,-0.545919,835.250,1.00441,1.10530,1.64622,1.73915
2129.00,999.000,2.24417,-0.545895,834.319,1.00051,1.10219,1.63694,1.72683
2130.00,999.000,2.28445,-0.545869,833.388,0.997540,1.09998,1.62997,1.71734
2131.00,999.000,2.35144,-0.545852,832.457,0.996736,1.09986,1.62829,1.71437
2132.00,999.000,2.37952,-0.545850,831.527,0.997653,1.10139,1.63084,1.71656
2133.00,999.000,2.38216,-0.545853,830.596,0.999028,1.10336,1.63451,1.72015
2134.00,999.000,2.35927,-0.545857,829.665,0.999963,1.10491,1.63711,1.72242
2135.00,999.000,2.30912,-0.545856,828.734,0.999629,1.10523,1.63662,1.72090
2136.00,999.000,2.25912,-0.545846,827.803,0.997717,1.10403,1.63226,1.71465
2137.00,999.000,2.22660,-0.545825,826.873,0.994695,1.10175,1.62518,1.70508
2138.00,999.000,2.20482,-0.545798,825.942,0.991155,1.09896,1.61684,1.69397
2139.00,999.000,2.18819,-0.545768,825.011,0.987419,1.09598,1.60802,1.68227
2140.00,999.000,2.17582,-0.545737,824.080,0.983663,1.09297,1.59915,1.67054
2141.00,999.000,2.21688,-0.545704,823.149,0.980850,1.09087,1.59258,1.66164
2142.00,999.000,2.28463,-0.545681,822.219,0.980206,1.09086,1.59132,1.65925
2143.00,999.000,2.31343,-0.545673,821.288,0.981286,1.09250,1.59427,1.66204
2144.00,999.000,2.31676,-0.545673,820.357,0.982826,1.09459,1.59836,1.66621
2145.00,999.000,2.29455,-0.545673,819.426,0.983927,1.09626,1.60137,1.66907
2146.00,999.000,2.24505,-0.545669,818.496,0.983760,1.09670,1.60128,1.66812
2147.00,999.000,2.19568,-0.545655,817.565,0.982014,1.09561,1.59732,1.66244
2148.00,999.000,2.16376,-0.545632,816.634,0.979156,1.09345,1.59064,1.65343
2149.00,999.000,2.14258,-0.545604,815.703,0.975779,1.09078,1.58269,1.64286
2150.00,999.000,2.12652,-0.545573,814.772,0.972203,1.08791,1.57424,1.63171
2151.00,999.000,2.11469,-0.545540,813.842,0.968606,1.08502,1.56574,1.62049
2152.00,999.000,2.15629,-0.545507,812.911,0.965949,1.08302,1.55953,1.61210
2153.00,999.000,2.22455,-0.545483,811.980,0.965457,1.08312,1.55862,1.61022
2154.00,999.000,2.25386,-0.545475,811.049,0.966686,1.08487,1.56192,1.61349
2155.00,999.000,2.25769,-0.545474,810.118,0.968373,1.08706,1.56634,1.61814
2156.00,999.000,2.23595,-0.545474,809.188,0.969618,1.08882,1.56967,1.62146
2157.00,999.000,2.18693,-0.545470,808.257,0.969590,1.08936,1.56989,1.62096
2158.00,999.000,2.13801,-0.545457,807.326,0.967981,1.08837,1.56624,1.61572
2159.00,999.000,2.10654,-0.545434,806.395,0.965257,1.08630,1.55986,1.60714
2160.00,999.000,2.08578,-0.545406,805.465,0.962010,1.08372,1.55219,1.59699
2161.00,999.000,2.07014,-0.545376,804.534,0.958562,1.08094,1.54402,1.58624
2162.00,999.000,2.05872,-0.545343,803.603,0.955089,1.07812,1.53579,1.57542
2163.00,999.000,2.10071,-0.545310,802.672,0.952552,1.07621,1.52984,1.56741
2164.00,999.000,2.16936,-0.545287,801.741,0.952177,1.07638,1.52918,1.56589
2165.00,999.000,2.19905,-0.545280,800.811,0.953521,1.07820,1.53273,1.56953
2166.00,999.000,2.20325,-0.545279,799.880,0.955319,1.08047,1.53738,1.57453
2167.00,999.000,2.18189,-0.545280,798.949,0.956672,1.08230,1.54095,1.57819
2168.00,999.000,2.13322,-0.545277,798.018,0.956750,1.08290,1.54140,1.57803
2169.00,999.000,2.08465,-0.545264,797.087,0.955244,1.08198,1.53796,1.57311
2170.00,999.000,2.05352,-0.545242,796.157,0.952620,1.07997,1.53179,1.56484
2171.00,999.000,2.03309,-0.545215,795.226,0.949471,1.07745,1.52432,1.55500
2172.00,999.000,2.01777,-0.545185,794.295,0.946117,1.07472,1.51635,1.54455
2173.00,999.000,2.00667,-0.545153,793.364,0.942736,1.07196,1.50831,1.53402
2174.00,999.000,2.04897,-0.545121,792.434,0.940289,1.07010,1.50255,1.52629
2175.00,999.000,2.11793,-0.545098,791.503,0.940002,1.07032,1.50207,1.52505
2176.00,999.000,2.14792,-0.545092,790.572,0.941430,1.07220,1.50579,1.52896
2177.00,999.000,2.15241,-0.545092,789.641,0.943311,1.07450,1.51061,1.53422
2178.00,999.000,2.13133,-0.545093,788.710,0.944745,1.07638,1.51434,1.53813
2179.00,999.000,2.08295,-0.545091,787.780,0.944902,1.07703,1.51495,1.53822
2180.00,999.000,2.03466,-0.545079,786.849,0.943472,1.07614,1.51167,1.53354
2181.00,999.000,2.00380,-0.545058,785.918,0.940924,1.07417,1.50564,1.52551
2182.00,999.000,1.98364,-0.545031,784.987,0.937847,1.07169,1.49832,1.51590
2183.00,999.000,1.96858,-0.545002,784.056,0.934565,1.06900,1.49049,1.50567
2184.00,999.000,1.95772,-0.544971,783.126,0.931253,1.06628,1.48259,1.49536
2185.00,999.000,2.00028,-0.544939,782.195,0.928873,1.06445,1.47696,1.48785
2186.00,999.000,2.06948,-0.544917,781.264,0.928652,1.06470,1.47661,1.48681
2187.00,999.000,2.09971,-0.544911,780.333,0.930144,1.06661,1.48045,1.49092
2188.00,999.000,2.10444,-0.544912,779.403,0.932088,1.06895,1.48540,1.49638
2189.00,999.000,2.08360,-0.544914,778.472,0.933583,1.07085,1.48924,1.50049
2190.00,999.000,2.03545,-0.544912,777.541,0.933800,1.07153,1.48996,1.50076
2191.00,999.000,1.98739,-0.544901,776.610,0.932428,1.07067,1.48679,1.49627
2192.00,999.000,1.95675,-0.544880,775.679,0.929936,1.06872,1.48087,1.48842
2193.00,999.000,1.93681,-0.544854,774.749,0.926915,1.06626,1.47366,1.47899
2194.00,999.000,1.92196,-0.544825,773.818,0.923687,1.06359,1.46593,1.46893
2195.00,999.000,1.91132,-0.544795,772.887,0.920428,1.06089,1.45812,1.45879
2196.00,999.000,1.95408,-0.544764,771.956,0.918100,1.05909,1.45259,1.45144
2197.00,999.000,2.02348,-0.544743,771.025,0.917929,1.05936,1.45233,1.45057
2198.00,999.000,2.05391,-0.544737,770.095,0.919471,1.06128,1.45626,1.45484
2199.00,999.000,2.05885,-0.544739,769.164,0.921462,1.06363,1.46130,1.46045
2200.00,999.000,2.03820,-0.544741,768.233,0.923004,1.06556,1.46523,1.46471
2201.00,999.000,1.99024,-0.544740,767.302,0.923268,1.06625,1.46603,1.46513
2202.00,999.000,1.94237,-0.544729,766.372,0.921941,1.06540,1.46294,1.46079
2203.00,999.000,1.91192,-0.544709,765.441,0.919494,1.06347,1.45710,1.45308
2204.00,999.000,1.89216,-0.544683,764.510,0.916516,1.06102,1.44996,1.44378
2205.00,999.000,1.87749,-0.544655,763.579,0.913330,1.05837,1.44231,1.43387
2206.00,999.000,1.86703,-0.544625,762.648,0.910113,1.05568,1.43458,1.42386
2207.00,999.000,1.90996,-0.544594,761.718,0.907825,1.05388,1.42911,1.41664
2208.00,999.000,1.97954,-0.544573,760.787,0.907694,1.05416,1.42892,1.41590
2209.00,999.000,2.01014,-0.544568,759.856,0.909274,1.05609,1.43292,1.42029
2210.00,999.000,2.01525,-0.544571,758.925,0.911303,1.05846,1.43802,1.42603
2211.00,999.000,1.99477,-0.544573,757.994,0.912882,1.06039,1.44201,1.43041
2212.00,999.000,1.94698,-0.544572,757.064,0.913182,1.06108,1.44288,1.43095
2213.00,999.000,1.89927,-0.544562,756.133,0.911892,1.06025,1.43985,1.42672
2214.00,999.000,1.86898,-0.544542,755.202,0.909479,1.05832,1.43407,1.41913
2215.00,999.000,1.84938,-0.544517,754.271,0.906536,1.05588,1.42698,1.40995
2216.00,999.000,1.83487,-0.544489,753.341,0.903383,1.05323,1.41939,1.40014
2217.00,999.000,1.82456,-0.544460,752.410,0.900199,1.05055,1.41170,1.39024
2218.00,999.000,1.86764,-0.544429,751.479,0.897943,1.04875,1.40629,1.38313
2219.00,999.000,1.93736,-0.544409,750.548,0.897844,1.04904,1.40615,1.38249
2220.00,999.000,1.96812,-0.544404,749.617,0.899455,1.05097,1.41020,1.38699
2221.00,999.000,1.97337,-0.544407,748.687,0.901515,1.05334,1.41534,1.39282
2222.00,999.000,1.95304,-0.544410,747.756,0.903124,1.05527,1.41939,1.39730
2223.00,999.000,1.90539,-0.544409,746.825,0.903453,1.05597,1.42030,1.39794
2224.00,999.000,1.85783,-0.544399,745.894,0.902191,1.05514,1.41731,1.39381
2225.00,999.000,1.82768,-0.544379,744.963,0.899807,1.05321,1.41157,1.38631
2226.00,999.000,1.80821,-0.544355,744.033,0.896892,1.05077,1.40454,1.37722
2227.00,999.000,1.79383,-0.544327,743.102,0.893767,1.04813,1.39698,1.36751
2228.00,999.000,1.78366,-0.544298,742.171,0.890609,1.04544,1.38934,1.35770
2229.00,999.000,1.82687,-0.544268,741.240,0.888380,1.04365,1.38396,1.35068
2230.00,999.000,1.89673,-0.544248,740.310,0.888306,1.04393,1.38386,1.35013
2231.00,999.000,1.92761,-0.544244,739.379,0.889942,1.04587,1.38795,1.35470
2232.00,999.000,1.93299,-0.544246,738.448,0.892027,1.04823,1.39313,1.36062
2233.00,999.000,1.91279,-0.544250,737.517,0.893661,1.05017,1.39720,1.36519
2234.00,999.000,1.86527,-0.544249,736.586,0.894014,1.05086,1.39815,1.36591
2235.00,999.000,1.81783,-0.544240,735.656,0.892776,1.05003,1.39520,1.36186
2236.00,999.000,1.78781,-0.544220,734.725,0.890415,1.04810,1.38949,1.35444
2237.00,999.000,1.76847,-0.544196,733.794,0.887523,1.04566,1.38249,1.34543
2238.00,999.000,1.75421,-0.544169,732.863,0.884420,1.04301,1.37496,1.33579
2239.00,999.000,1.74415,-0.544140,731.932,0.881285,1.04032,1.36735,1.32606
2240.00,999.000,1.78748,-0.544111,731.002,0.879077,1.03853,1.36201,1.31911
2241.00,999.000,1.85745,-0.544091,730.071,0.879024,1.03881,1.36193,1.31863
2242.00,999.000,1.88845,-0.544087,729.140,0.880682,1.04073,1.36604,1.32328
2243.00,999.000,1.89395,-0.544089,728.209,0.882787,1.04310,1.37125,1.32927
2244.00,999.000,1.87386,-0.544093,727.279,0.884441,1.04503,1.37536,1.33391
2245.00,999.000,1.82646,-0.544093,726.348,0.884814,1.04572,1.37633,1.33470
2246.00,999.000,1.77913,-0.544083,725.417,0.883596,1.04488,1.37340,1.33072
2247.00,999.000,1.74921,-0.544065,724.486,0.881254,1.04295,1.36772,1.32336
2248.00,999.000,1.72998,-0.544040,723.555,0.878381,1.04050,1.36074,1.31442
2249.00,999.000,1.71583,-0.544014,722.625,0.875297,1.03784,1.35324,1.30485
2250.00,999.000,1.70587,-0.543985,721.694,0.872180,1.03515,1.34565,1.29518
2251.00,999.000,1.74931,-0.543956,720.763,0.869991,1.03335,1.34033,1.28829
2252.00,999.000,1.81939,-0.543936,719.832,0.869956,1.03363,1.34028,1.28788
2253.00,999.000,1.85049,-0.543932,718.901,0.871631,1.03555,1.34441,1.29259
2254.00,999.000,1.85609,-0.543935,717.971,0.873753,1.03791,1.34964,1.29864
2255.00,999.000,1.83611,-0.543939,717.040,0.875424,1.03983,1.35376,1.30334
2256.00,999.000,1.78881,-0.543939,716.109,0.875814,1.04052,1.35475,1.30419
2257.00,999.000,1.74159,-0.543930,715.178,0.874613,1.03967,1.35184,1.30026
2258.00,999.000,1.71177,-0.543911,714.247,0.872288,1.03773,1.34618,1.29297
2259.00,999.000,1.69263,-0.543888,713.317,0.869431,1.03528,1.33922,1.28408
2260.00,999.000,1.67858,-0.543861,712.386,0.866363,1.03261,1.33173,1.27457
2261.00,999.000,1.66872,-0.543833,711.455,0.863261,1.02992,1.32416,1.26495
2262.00,999.000,1.71225,-0.543803,710.524,0.861087,1.02811,1.31886,1.25812
2263.00,999.000,1.78242,-0.543784,709.594,0.861067,1.02837,1.31882,1.25776
2264.00,999.000,1.81362,-0.543780,708.663,0.862757,1.03029,1.32297,1.26253
2265.00,999.000,1.81931,-0.543784,707.732,0.864894,1.03264,1.32821,1.26863
2266.00,999.000,1.79943,-0.543788,706.801,0.866579,1.03455,1.33235,1.27338
2267.00,999.000,1.75222,-0.543788,705.870,0.866984,1.03523,1.33336,1.27428
2268.00,999.000,1.70509,-0.543779,704.940,0.865797,1.03438,1.33046,1.27041
2269.00,999.000,1.67536,-0.543761,704.009,0.863486,1.03243,1.32482,1.26317
2270.00,999.000,1.65632,-0.543737,703.078,0.860643,1.02997,1.31787,1.25433
2271.00,999.000,1.64235,-0.543711,702.147,0.857588,1.02730,1.31040,1.24486
2272.00,999.000,1.63258,-0.543683,701.216,0.854500,1.02459,1.30284,1.23530
2273.00,999.000,1.67619,-0.543654,700.286,0.852339,1.02278,1.29754,1.22852
2274.00,999.000,1.74645,-0.543635,699.355,0.852332,1.02303,1.29752,1.22820
2275.00,999.000,1.77773,-0.543631,698.424,0.854034,1.02494,1.30168,1.23301
2276.00,999.000,1.78351,-0.543634,697.493,0.856184,1.02728,1.30693,1.23916
2277.00,999.000,1.76372,-0.543639,696.563,0.857881,1.02919,1.31108,1.24396
2278.00,999.000,1.71659,-0.543640,695.632,0.858298,1.02986,1.31210,1.24491
2279.00,999.000,1.66955,-0.543630,694.701,0.857123,1.02899,1.30922,1.24108
2280.00,999.000,1.63990,-0.543612,693.770,0.854824,1.02704,1.30358,1.23388
2281.00,999.000,1.62094,-0.543589,692.839,0.851993,1.02457,1.29664,1.22509
2282.00,999.000,1.60705,-0.543563,691.909,0.848950,1.02189,1.28918,1.21566
2283.00,999.000,1.59736,-0.543535,690.978,0.845874,1.01917,1.28163,1.20614
2284.00,999.000,1.64105,-0.543506,690.047,0.843724,1.01735,1.27635,1.19940
2285.00,999.000,1.71138,-0.543487,689.116,0.843728,1.01760,1.27633,1.19913
2286.00,999.000,1.74275,-0.543484,688.185,0.845441,1.01950,1.28050,1.20398
2287.00,999.000,1.74861,-0.543487,687.255,0.847601,1.02183,1.28576,1.21018
2288.00,999.000,1.72889,-0.543492,686.324,0.849310,1.02372,1.28992,1.21501
2289.00,999.000,1.68185,-0.543493,685.393,0.849737,1.02438,1.29094,1.21600
2290.00,999.000,1.63488,-0.543484,684.462,0.848573,1.02351,1.28807,1.21221
2291.00,999.000,1.60531,-0.543466,683.532,0.846284,1.02155,1.28244,1.20505
2292.00,999.000,1.58642,-0.543443,682.601,0.843463,1.01907,1.27550,1.19630
2293.00,999.000,1.57261,-0.543416,681.670,0.840430,1.01638,1.26805,1.18691
2294.00,999.000,1.56299,-0.543389,680.739,0.837364,1.01365,1.26051,1.17743
2295.00,999.000,1.60675,-0.543360,679.808,0.835223,1.01182,1.25523,1.17073
2296.00,999.000,1.67716,-0.543341,678.878,0.835237,1.01206,1.25522,1.17049
2297.00,999.000,1.70859,-0.543338,677.947,0.836960,1.01394,1.25939,1.17538
2298.00,999.000,1.71453,-0.543342,677.016,0.839129,1.01626,1.26466,1.18161
2299.00,999.000,1.69489,-0.543347,676.085,0.840847,1.01815,1.26882,1.18648
